# state_value	calls on the traced path (emulated with the state in r4; string args in [..])  # EnterFEGameState__9FEManagerF18eFrontEndGameState @803264e4
-1	FEManager::UnspawnAllSelectableCharacters() ; GameState::SetNewState(const GameState::State&, const char*)
0	
1	
2	Audio::PlayMusic(AUDIOMUSICTYPES) ; AptCallFunction(const char*, char*, const char*, int, ...) [ReplaceScreen | _root | Title]
3	AptCallFunction(const char*, char*, const char*, int, ...) [ReplaceScreen | _root | Profile] ; AptCallFunction(const char*, char*, const char*, int, ...) [ReplaceScreen | _root | Profile]
4	PhysicsManager::GetGroundHeight(const rmVector3*, float) const ; SelectableCharacter::SetAIControl(bool, rmVector3*, float, void(*)(void*)*)
5	PhysicsManager::DisableCharacterCharacterCollisions() ; pgIDatabase::GetKey(const char*) [character_select] ; pgIDatabase::GetKey(const char*) [character] ; pgIDatabase::GetCollection(unsigned long long, unsigned long long) ; __nw(unsigned long, const char*, MemMgr::PoolType, MemMgr::AllocType) [FEManager::Player Indicator Tar Manager] ; TarManager::constructor() ; CString::constructor(const char*) [data/world/world-misc.gsh] ; TarManager::Initialize(CString&) ; CString::destructor() ; rmVector3::constructor(float, float, float) ; pgDBCollection::GetArrayString(const char*, int) [characterlist] ; pgIDatabase::GetKey(const char*) ; rmVector3::operator=(const rmVector3&) ; PhysicsManager::GetGroundHeight(const rmVector3*, float) const ; CharacterManager::SpawnCharacter(unsigned long long, const rmVector3*, SpawnRegion*, unsigned int, bool, int, int) ; MemMgr::Alloc(unsigned long, MemMgr::PoolType, MemMgr::AllocType, const char*) [FrontEnd::SelectableCharacter] ; SelectableCharacter::constructor() ; SelectableCharacter::SetDefaultPos(SelectCharacterTypes, const rmVector3*) ; SelectableCharacter::SetDefaultRot(SelectCharacterTypes, float) ; SelectableCharacter::Initialize(Character*, SelectCharacterTypes, TarManager*, Ren::Scene*, bool, AnimationStateGraph::AnimStates) ; pgDBCollection::GetArrayString(const char*, int) [characterlist] ; pgIDatabase::GetKey(const char*) ; rmVector3::operator=(const rmVector3&) ; PhysicsManager::GetGroundHeight(const rmVector3*, float) const ; CharacterManager::SpawnCharacter(unsigned long long, const rmVector3*, SpawnRegion*, unsigned int, bool, int, int) ; MemMgr::Alloc(unsigned long, MemMgr::PoolType, MemMgr::AllocType, const char*) [FrontEnd::SelectableCharacter] ; SelectableCharacter::constructor() ; SelectableCharacter::SetDefaultPos(SelectCharacterTypes, const rmVector3*) ; SelectableCharacter::SetDefaultRot(SelectCharacterTypes, float) ; SelectableCharacter::Initialize(Character*, SelectCharacterTypes, TarManager*, Ren::Scene*, bool, AnimationStateGraph::AnimStates) ; pgDBCollection::GetArrayString(const char*, int) [characterlist] ; pgIDatabase::GetKey(const char*) ; rmVector3::operator=(const rmVector3&) ; PhysicsManager::GetGroundHeight(const rmVector3*, float) const ; CharacterManager::SpawnCharacter(unsigned long long, const rmVector3*, SpawnRegion*, unsigned int, bool, int, int) ; MemMgr::Alloc(unsigned long, MemMgr::PoolType, MemMgr::AllocType, const char*) [FrontEnd::SelectableCharacter] ; SelectableCharacter::constructor() ; SelectableCharacter::SetDefaultPos(SelectCharacterTypes, const rmVector3*) ; SelectableCharacter::SetDefaultRot(SelectCharacterTypes, float) ; SelectableCharacter::Initialize(Character*, SelectCharacterTypes, TarManager*, Ren::Scene*, bool, AnimationStateGraph::AnimStates) ; pgDBCollection::GetArrayString(const char*, int) [characterlist] ; pgIDatabase::GetKey(const char*) ; rmVector3::operator=(const rmVector3&) ; PhysicsManager::GetGroundHeight(const rmVector3*, float) const ; CharacterManager::SpawnCharacter(unsigned long long, const rmVector3*, SpawnRegion*, unsigned int, bool, int, int) ; MemMgr::Alloc(unsigned long, MemMgr::PoolType, MemMgr::AllocType, const char*) [FrontEnd::SelectableCharacter] ; SelectableCharacter::constructor() ; SelectableCharacter::SetDefaultPos(SelectCharacterTypes, const rmVector3*) ; SelectableCharacter::SetDefaultRot(SelectCharacterTypes, float) ; SelectableCharacter::Initialize(Character*, SelectCharacterTypes, TarManager*, Ren::Scene*, bool, AnimationStateGraph::AnimStates) ; pgDBCollection::GetArrayString(const char*, int) [characterlist] ; pgIDatabase::GetKey(const char*) ; rmVector3::operator=(const rmVector3&) ; PhysicsManager::GetGroundHeight(const rmVector3*, float) const ; CharacterManager::SpawnCharacter(unsigned long long, const rmVector3*, SpawnRegion*, unsigned int, bool, int, int) ; MemMgr::Alloc(unsigned long, MemMgr::PoolType, MemMgr::AllocType, const char*) [FrontEnd::SelectableCharacter] ; SelectableCharacter::constructor() ; SelectableCharacter::SetDefaultPos(SelectCharacterTypes, const rmVector3*) ; SelectableCharacter::SetDefaultRot(SelectCharacterTypes, float) ; SelectableCharacter::Initialize(Character*, SelectCharacterTypes, TarManager*, Ren::Scene*, bool, AnimationStateGraph::AnimStates) ; pgDBCollection::GetArrayString(const char*, int) [characterlist] ; pgIDatabase::GetKey(const char*) ; rmVector3::operator=(const rmVector3&) ; PhysicsManager::GetGroundHeight(const rmVector3*, float) const ; CharacterManager::SpawnCharacter(unsigned long long, const rmVector3*, SpawnRegion*, unsigned int, bool, int, int) ; MemMgr::Alloc(unsigned long, MemMgr::PoolType, MemMgr::AllocType, const char*) [FrontEnd::SelectableCharacter] ; SelectableCharacter::constructor() ; SelectableCharacter::SetDefaultPos(SelectCharacterTypes, const rmVector3*) ; SelectableCharacter::SetDefaultRot(SelectCharacterTypes, float) ; SelectableCharacter::Initialize(Character*, SelectCharacterTypes, TarManager*, Ren::Scene*, bool, AnimationStateGraph::AnimStates) ; pgDBCollection::GetArrayString(const char*, int) [characterlist] ; pgIDatabase::GetKey(const char*) ; rmVector3::operator=(const rmVector3&) ; PhysicsManager::GetGroundHeight(const rmVector3*, float) const ; CharacterManager::SpawnCharacter(unsigned long long, const rmVector3*, SpawnRegion*, unsigned int, bool, int, int) ; MemMgr::Alloc(unsigned long, MemMgr::PoolType, MemMgr::AllocType, const char*) [FrontEnd::SelectableCharacter] ; SelectableCharacter::constructor() ; SelectableCharacter::SetDefaultPos(SelectCharacterTypes, const rmVector3*) ; SelectableCharacter::SetDefaultRot(SelectCharacterTypes, float) ; SelectableCharacter::Initialize(Character*, SelectCharacterTypes, TarManager*, Ren::Scene*, bool, AnimationStateGraph::AnimStates) ; pgDBCollection::GetArrayString(const char*, int) [characterlist] ; pgIDatabase::GetKey(const char*) ; rmVector3::operator=(const rmVector3&) ; PhysicsManager::GetGroundHeight(const rmVector3*, float) const ; CharacterManager::SpawnCharacter(unsigned long long, const rmVector3*, SpawnRegion*, unsigned int, bool, int, int) ; MemMgr::Alloc(unsigned long, MemMgr::PoolType, MemMgr::AllocType, const char*) [FrontEnd::SelectableCharacter] ; SelectableCharacter::constructor() ; SelectableCharacter::SetDefaultPos(SelectCharacterTypes, const rmVector3*) ; SelectableCharacter::SetDefaultRot(SelectCharacterTypes, float) ; SelectableCharacter::Initialize(Character*, SelectCharacterTypes, TarManager*, Ren::Scene*, bool, AnimationStateGraph::AnimStates) ; pgIDatabase::DestroyCollection(pgDBCollection*) ; AptCallFunction(const char*, char*, const char*, int, ...) [ReplaceScreen | _root | PlayerSetup]
6	
7	
8	
9	AptCallFunction(const char*, char*, const char*, int, ...) [Multiplayer_DisableInput | _root] ; SelectableCharacter::UnInitialize() ; SelectableCharacter::UnInitialize() ; SelectableCharacter::UnInitialize() ; SelectableCharacter::UnInitialize() ; SelectableCharacter::UnInitialize() ; SelectableCharacter::UnInitialize() ; SelectableCharacter::UnInitialize() ; SelectableCharacter::UnInitialize() ; PhysicsManager::GetGroundHeight(const rmVector3*, float) const ; SelectableCharacter::SetAIControl(bool, rmVector3*, float, void(*)(void*)*)
10	AptCallFunction(const char*, char*, const char*, int, ...) [Multiplayer_DisableInput | _root] ; SelectableCharacter::GetNameStringId() const ; Locale::GetString(const char*) const ; Locale::GetString(const char*) const [T_NameKid] ; TRC::OpenKeyboard(int, void(*)(bool)*, const wchar_t*, const wchar_t*)
11	AptCallFunction(const char*, char*, const char*, int, ...) [ReplaceScreen | _root | ConfirmKid]
12	AptCallFunction(const char*, char*, const char*, int, ...) [ClearScreenStack | _root] ; AptCallFunction(const char*, char*, const char*, int, ...) [CloseScreen | _root] ; SelectableCharacter::Celebrate(SelectCharacterCelebrationType) ; SelectableCharacter::TriggerCelebrationEffects() ; PhysicsManager::EnableCharacterCharacterCollisions()
13	FEManager::OpenAptScreen(char*) [MainMenu] ; AptCallFunction(const char*, char*, const char*, int, ...) [ClearScreenStack | _root] ; TRC::UnregisterCoreController(int) ; TRC::UnregisterCoreController(int) ; TRC::UnregisterCoreController(int) ; SelectableCharacter::UnInitialize() ; CharacterManager::DespawnCharacter(GUID, bool) ; SelectableCharacter::UnInitialize() ; CharacterManager::DespawnCharacter(GUID, bool) ; SelectableCharacter::UnInitialize() ; CharacterManager::DespawnCharacter(GUID, bool) ; SelectableCharacter::UnInitialize() ; CharacterManager::DespawnCharacter(GUID, bool) ; SelectableCharacter::UnInitialize() ; CharacterManager::DespawnCharacter(GUID, bool) ; SelectableCharacter::UnInitialize() ; CharacterManager::DespawnCharacter(GUID, bool) ; SelectableCharacter::UnInitialize() ; CharacterManager::DespawnCharacter(GUID, bool) ; SelectableCharacter::UnInitialize() ; CharacterManager::DespawnCharacter(GUID, bool) ; SelectableCharacter::UnInitialize() ; CharacterManager::DespawnCharacter(GUID, bool) ; SelectableCharacter::UnInitialize() ; CharacterManager::DespawnCharacter(GUID, bool) ; SelectableCharacter::UnInitialize() ; CharacterManager::DespawnCharacter(GUID, bool) ; SelectableCharacter::UnInitialize() ; CharacterManager::DespawnCharacter(GUID, bool) ; SelectableCharacter::UnInitialize() ; CharacterManager::DespawnCharacter(GUID, bool) ; SelectableCharacter::UnInitialize() ; CharacterManager::DespawnCharacter(GUID, bool) ; SelectableCharacter::UnInitialize() ; CharacterManager::DespawnCharacter(GUID, bool) ; SelectableCharacter::UnInitialize() ; CharacterManager::DespawnCharacter(GUID, bool) ; Audio::PlayMusic(AUDIOMUSICTYPES)
14	
15	TRC::IsCoreControllerConnected(int) ; TRC::IsCoreControllerConnected(int) ; TRC::IsCoreControllerConnected(int) ; TRC::IsCoreControllerConnected(int)
16	pgIDatabase::GetKey(const char*) [character_select] ; pgIDatabase::GetKey(const char*) [character] ; pgIDatabase::GetKey(const char*) [multi_player] ; pgIDatabase::GetCollection(unsigned long long, unsigned long long) ; pgIDatabase::GetCollection(unsigned long long, unsigned long long) ; CharacterManager::AllocateAdditionalCharacterSlots() ; pgDBCollection::GetArrayString(const char*, int) [characterlist] ; pgIDatabase::GetKey(const char*) ; pgDBCollection::GetVector4FromArray(const char*, unsigned int, rmVector4&) [positions] ; EA::Math::Vector3::Set(float, float, float) ; CharacterManager::SpawnCharacter(unsigned long long, const rmVector3*, SpawnRegion*, unsigned int, bool, int, int) ; MemMgr::Alloc(unsigned long, MemMgr::PoolType, MemMgr::AllocType, const char*) [FrontEnd::SelectableCharacter] ; SelectableCharacter::constructor() ; SelectableCharacter::SetDefaultPos(SelectCharacterTypes, const rmVector3*) ; SelectableCharacter::SetDefaultRot(SelectCharacterTypes, float) ; pgDBCollection::GetArrayString(const char*, int) [unlockLinks] ; strcmp() ; strcmp() [FINAL] ; strcmp() [g_jimmy] ; SelectableCharacter::Initialize(Character*, SelectCharacterTypes, TarManager*, Ren::Scene*, bool, AnimationStateGraph::AnimStates) ; rmVector3::constructor(float, float, float) ; SelectableCharacter::SetHBOffset(rmVector3&) ; pgDBCollection::GetArrayString(const char*, int) [characterlist] ; pgIDatabase::GetKey(const char*) ; pgDBCollection::GetVector4FromArray(const char*, unsigned int, rmVector4&) [positions] ; EA::Math::Vector3::Set(float, float, float) ; CharacterManager::SpawnCharacter(unsigned long long, const rmVector3*, SpawnRegion*, unsigned int, bool, int, int) ; MemMgr::Alloc(unsigned long, MemMgr::PoolType, MemMgr::AllocType, const char*) [FrontEnd::SelectableCharacter] ; SelectableCharacter::constructor() ; SelectableCharacter::SetDefaultPos(SelectCharacterTypes, const rmVector3*) ; SelectableCharacter::SetDefaultRot(SelectCharacterTypes, float) ; pgDBCollection::GetArrayString(const char*, int) [unlockLinks] ; strcmp() ; strcmp() [FINAL] ; strcmp() [g_jimmy] ; SelectableCharacter::Initialize(Character*, SelectCharacterTypes, TarManager*, Ren::Scene*, bool, AnimationStateGraph::AnimStates) ; rmVector3::constructor(float, float, float) ; SelectableCharacter::SetHBOffset(rmVector3&) ; pgDBCollection::GetArrayString(const char*, int) [characterlist] ; pgIDatabase::GetKey(const char*) ; pgDBCollection::GetVector4FromArray(const char*, unsigned int, rmVector4&) [positions] ; EA::Math::Vector3::Set(float, float, float) ; CharacterManager::SpawnCharacter(unsigned long long, const rmVector3*, SpawnRegion*, unsigned int, bool, int, int) ; MemMgr::Alloc(unsigned long, MemMgr::PoolType, MemMgr::AllocType, const char*) [FrontEnd::SelectableCharacter] ; SelectableCharacter::constructor() ; SelectableCharacter::SetDefaultPos(SelectCharacterTypes, const rmVector3*) ; SelectableCharacter::SetDefaultRot(SelectCharacterTypes, float) ; pgDBCollection::GetArrayString(const char*, int) [unlockLinks] ; strcmp() ; strcmp() [FINAL] ; strcmp() [g_jimmy] ; SelectableCharacter::Initialize(Character*, SelectCharacterTypes, TarManager*, Ren::Scene*, bool, AnimationStateGraph::AnimStates) ; rmVector3::constructor(float, float, float) ; SelectableCharacter::SetHBOffset(rmVector3&) ; pgDBCollection::GetArrayString(const char*, int) [characterlist] ; pgIDatabase::GetKey(const char*) ; pgDBCollection::GetVector4FromArray(const char*, unsigned int, rmVector4&) [positions] ; EA::Math::Vector3::Set(float, float, float) ; CharacterManager::SpawnCharacter(unsigned long long, const rmVector3*, SpawnRegion*, unsigned int, bool, int, int) ; MemMgr::Alloc(unsigned long, MemMgr::PoolType, MemMgr::AllocType, const char*) [FrontEnd::SelectableCharacter] ; SelectableCharacter::constructor() ; SelectableCharacter::SetDefaultPos(SelectCharacterTypes, const rmVector3*) ; SelectableCharacter::SetDefaultRot(SelectCharacterTypes, float) ; pgDBCollection::GetArrayString(const char*, int) [unlockLinks] ; strcmp() ; strcmp() [FINAL] ; strcmp() [g_jimmy] ; SelectableCharacter::Initialize(Character*, SelectCharacterTypes, TarManager*, Ren::Scene*, bool, AnimationStateGraph::AnimStates) ; rmVector3::constructor(float, float, float) ; SelectableCharacter::SetHBOffset(rmVector3&) ; pgDBCollection::GetArrayString(const char*, int) [characterlist] ; pgIDatabase::GetKey(const char*) ; pgDBCollection::GetVector4FromArray(const char*, unsigned int, rmVector4&) [positions] ; EA::Math::Vector3::Set(float, float, float) ; CharacterManager::SpawnCharacter(unsigned long long, const rmVector3*, SpawnRegion*, unsigned int, bool, int, int) ; MemMgr::Alloc(unsigned long, MemMgr::PoolType, MemMgr::AllocType, const char*) [FrontEnd::SelectableCharacter] ; SelectableCharacter::constructor() ; SelectableCharacter::SetDefaultPos(SelectCharacterTypes, const rmVector3*) ; SelectableCharacter::SetDefaultRot(SelectCharacterTypes, float) ; pgDBCollection::GetArrayString(const char*, int) [unlockLinks] ; strcmp() ; strcmp() [FINAL] ; strcmp() [g_jimmy] ; SelectableCharacter::Initialize(Character*, SelectCharacterTypes, TarManager*, Ren::Scene*, bool, AnimationStateGraph::AnimStates) ; rmVector3::constructor(float, float, float) ; SelectableCharacter::SetHBOffset(rmVector3&) ; pgDBCollection::GetArrayString(const char*, int) [characterlist] ; pgIDatabase::GetKey(const char*) ; pgDBCollection::GetVector4FromArray(const char*, unsigned int, rmVector4&) [positions] ; EA::Math::Vector3::Set(float, float, float) ; CharacterManager::SpawnCharacter(unsigned long long, const rmVector3*, SpawnRegion*, unsigned int, bool, int, int) ; MemMgr::Alloc(unsigned long, MemMgr::PoolType, MemMgr::AllocType, const char*) [FrontEnd::SelectableCharacter] ; SelectableCharacter::constructor() ; SelectableCharacter::SetDefaultPos(SelectCharacterTypes, const rmVector3*) ; SelectableCharacter::SetDefaultRot(SelectCharacterTypes, float) ; pgDBCollection::GetArrayString(const char*, int) [unlockLinks] ; strcmp() ; strcmp() [FINAL] ; strcmp() [g_jimmy] ; SelectableCharacter::Initialize(Character*, SelectCharacterTypes, TarManager*, Ren::Scene*, bool, AnimationStateGraph::AnimStates) ; rmVector3::constructor(float, float, float) ; SelectableCharacter::SetHBOffset(rmVector3&) ; pgDBCollection::GetArrayString(const char*, int) [characterlist] ; pgIDatabase::GetKey(const char*) ; pgDBCollection::GetVector4FromArray(const char*, unsigned int, rmVector4&) [positions] ; EA::Math::Vector3::Set(float, float, float) ; CharacterManager::SpawnCharacter(unsigned long long, const rmVector3*, SpawnRegion*, unsigned int, bool, int, int) ; MemMgr::Alloc(unsigned long, MemMgr::PoolType, MemMgr::AllocType, const char*) [FrontEnd::SelectableCharacter] ; SelectableCharacter::constructor() ; SelectableCharacter::SetDefaultPos(SelectCharacterTypes, const rmVector3*) ; SelectableCharacter::SetDefaultRot(SelectCharacterTypes, float) ; pgDBCollection::GetArrayString(const char*, int) [unlockLinks] ; strcmp() ; strcmp() [FINAL] ; strcmp() [g_jimmy] ; SelectableCharacter::Initialize(Character*, SelectCharacterTypes, TarManager*, Ren::Scene*, bool, AnimationStateGraph::AnimStates) ; rmVector3::constructor(float, float, float) ; SelectableCharacter::SetHBOffset(rmVector3&) ; pgDBCollection::GetArrayString(const char*, int) [characterlist] ; pgIDatabase::GetKey(const char*) ; pgDBCollection::GetVector4FromArray(const char*, unsigned int, rmVector4&) [positions] ; EA::Math::Vector3::Set(float, float, float) ; CharacterManager::SpawnCharacter(unsigned long long, const rmVector3*, SpawnRegion*, unsigned int, bool, int, int) ; MemMgr::Alloc(unsigned long, MemMgr::PoolType, MemMgr::AllocType, const char*) [FrontEnd::SelectableCharacter] ; SelectableCharacter::constructor() ; SelectableCharacter::SetDefaultPos(SelectCharacterTypes, const rmVector3*) ; SelectableCharacter::SetDefaultRot(SelectCharacterTypes, float) ; pgDBCollection::GetArrayString(const char*, int) [unlockLinks] ; strcmp() ; strcmp() [FINAL] ; strcmp() [g_jimmy] ; SelectableCharacter::Initialize(Character*, SelectCharacterTypes, TarManager*, Ren::Scene*, bool, AnimationStateGraph::AnimStates) ; rmVector3::constructor(float, float, float) ; SelectableCharacter::SetHBOffset(rmVector3&) ; pgDBCollection::GetArrayString(const char*, int) [characterlist] ; pgIDatabase::GetKey(const char*) ; pgDBCollection::GetVector4FromArray(const char*, unsigned int, rmVector4&) [positions] ; EA::Math::Vector3::Set(float, float, float) ; CharacterManager::SpawnCharacter(unsigned long long, const rmVector3*, SpawnRegion*, unsigned int, bool, int, int) ; MemMgr::Alloc(unsigned long, MemMgr::PoolType, MemMgr::AllocType, const char*) [FrontEnd::SelectableCharacter] ; SelectableCharacter::constructor() ; SelectableCharacter::SetDefaultPos(SelectCharacterTypes, const rmVector3*) ; SelectableCharacter::SetDefaultRot(SelectCharacterTypes, float) ; pgDBCollection::GetArrayString(const char*, int) [unlockLinks] ; strcmp() ; strcmp() [FINAL] ; strcmp() [g_jimmy] ; SelectableCharacter::Initialize(Character*, SelectCharacterTypes, TarManager*, Ren::Scene*, bool, AnimationStateGraph::AnimStates) ; rmVector3::constructor(float, float, float) ; SelectableCharacter::SetHBOffset(rmVector3&) ; pgDBCollection::GetArrayString(const char*, int) [characterlist] ; pgIDatabase::GetKey(const char*) ; pgDBCollection::GetVector4FromArray(const char*, unsigned int, rmVector4&) [positions] ; EA::Math::Vector3::Set(float, float, float) ; CharacterManager::SpawnCharacter(unsigned long long, const rmVector3*, SpawnRegion*, unsigned int, bool, int, int) ; MemMgr::Alloc(unsigned long, MemMgr::PoolType, MemMgr::AllocType, const char*) [FrontEnd::SelectableCharacter] ; SelectableCharacter::constructor() ; SelectableCharacter::SetDefaultPos(SelectCharacterTypes, const rmVector3*) ; SelectableCharacter::SetDefaultRot(SelectCharacterTypes, float) ; pgDBCollection::GetArrayString(const char*, int) [unlockLinks] ; strcmp() ; strcmp() [FINAL] ; strcmp() [g_jimmy] ; SelectableCharacter::Initialize(Character*, SelectCharacterTypes, TarManager*, Ren::Scene*, bool, AnimationStateGraph::AnimStates) ; rmVector3::constructor(float, float, float) ; SelectableCharacter::SetHBOffset(rmVector3&) ; pgDBCollection::GetArrayString(const char*, int) [characterlist] ; pgIDatabase::GetKey(const char*) ; pgDBCollection::GetVector4FromArray(const char*, unsigned int, rmVector4&) [positions] ; EA::Math::Vector3::Set(float, float, float) ; CharacterManager::SpawnCharacter(unsigned long long, const rmVector3*, SpawnRegion*, unsigned int, bool, int, int) ; MemMgr::Alloc(unsigned long, MemMgr::PoolType, MemMgr::AllocType, const char*) [FrontEnd::SelectableCharacter] ; SelectableCharacter::constructor() ; SelectableCharacter::SetDefaultPos(SelectCharacterTypes, const rmVector3*) ; SelectableCharacter::SetDefaultRot(SelectCharacterTypes, float) ; pgDBCollection::GetArrayString(const char*, int) [unlockLinks] ; strcmp() ; strcmp() [FINAL] ; strcmp() [g_jimmy] ; SelectableCharacter::Initialize(Character*, SelectCharacterTypes, TarManager*, Ren::Scene*, bool, AnimationStateGraph::AnimStates) ; rmVector3::constructor(float, float, float) ; SelectableCharacter::SetHBOffset(rmVector3&) ; pgDBCollection::GetArrayString(const char*, int) [characterlist] ; pgIDatabase::GetKey(const char*) ; pgDBCollection::GetVector4FromArray(const char*, unsigned int, rmVector4&) [positions] ; EA::Math::Vector3::Set(float, float, float) ; CharacterManager::SpawnCharacter(unsigned long long, const rmVector3*, SpawnRegion*, unsigned int, bool, int, int) ; MemMgr::Alloc(unsigned long, MemMgr::PoolType, MemMgr::AllocType, const char*) [FrontEnd::SelectableCharacter] ; SelectableCharacter::constructor() ; SelectableCharacter::SetDefaultPos(SelectCharacterTypes, const rmVector3*) ; SelectableCharacter::SetDefaultRot(SelectCharacterTypes, float) ; pgDBCollection::GetArrayString(const char*, int) [unlockLinks] ; strcmp() ; strcmp() [FINAL] ; strcmp() [g_jimmy] ; SelectableCharacter::Initialize(Character*, SelectCharacterTypes, TarManager*, Ren::Scene*, bool, AnimationStateGraph::AnimStates) ; rmVector3::constructor(float, float, float) ; SelectableCharacter::SetHBOffset(rmVector3&) ; pgDBCollection::GetArrayString(const char*, int) [characterlist] ; pgIDatabase::GetKey(const char*) ; pgDBCollection::GetVector4FromArray(const char*, unsigned int, rmVector4&) [positions] ; EA::Math::Vector3::Set(float, float, float) ; CharacterManager::SpawnCharacter(unsigned long long, const rmVector3*, SpawnRegion*, unsigned int, bool, int, int) ; MemMgr::Alloc(unsigned long, MemMgr::PoolType, MemMgr::AllocType, const char*) [FrontEnd::SelectableCharacter] ; SelectableCharacter::constructor() ; SelectableCharacter::SetDefaultPos(SelectCharacterTypes, const rmVector3*) ; SelectableCharacter::SetDefaultRot(SelectCharacterTypes, float) ; pgDBCollection::GetArrayString(const char*, int) [unlockLinks] ; strcmp() ; strcmp() [FINAL] ; strcmp() [g_jimmy] ; SelectableCharacter::Initialize(Character*, SelectCharacterTypes, TarManager*, Ren::Scene*, bool, AnimationStateGraph::AnimStates) ; rmVector3::constructor(float, float, float) ; SelectableCharacter::SetHBOffset(rmVector3&) ; pgDBCollection::GetArrayString(const char*, int) [characterlist] ; pgIDatabase::GetKey(const char*) ; pgDBCollection::GetVector4FromArray(const char*, unsigned int, rmVector4&) [positions] ; EA::Math::Vector3::Set(float, float, float) ; CharacterManager::SpawnCharacter(unsigned long long, const rmVector3*, SpawnRegion*, unsigned int, bool, int, int) ; MemMgr::Alloc(unsigned long, MemMgr::PoolType, MemMgr::AllocType, const char*) [FrontEnd::SelectableCharacter] ; SelectableCharacter::constructor() ; SelectableCharacter::SetDefaultPos(SelectCharacterTypes, const rmVector3*) ; SelectableCharacter::SetDefaultRot(SelectCharacterTypes, float) ; pgDBCollection::GetArrayString(const char*, int) [unlockLinks] ; strcmp() ; strcmp() [FINAL] ; strcmp() [g_jimmy] ; SelectableCharacter::Initialize(Character*, SelectCharacterTypes, TarManager*, Ren::Scene*, bool, AnimationStateGraph::AnimStates) ; rmVector3::constructor(float, float, float) ; SelectableCharacter::SetHBOffset(rmVector3&) ; pgDBCollection::GetArrayString(const char*, int) [characterlist] ; pgIDatabase::GetKey(const char*) ; pgDBCollection::GetVector4FromArray(const char*, unsigned int, rmVector4&) [positions] ; EA::Math::Vector3::Set(float, float, float) ; CharacterManager::SpawnCharacter(unsigned long long, const rmVector3*, SpawnRegion*, unsigned int, bool, int, int) ; MemMgr::Alloc(unsigned long, MemMgr::PoolType, MemMgr::AllocType, const char*) [FrontEnd::SelectableCharacter] ; SelectableCharacter::constructor() ; SelectableCharacter::SetDefaultPos(SelectCharacterTypes, const rmVector3*) ; SelectableCharacter::SetDefaultRot(SelectCharacterTypes, float) ; pgDBCollection::GetArrayString(const char*, int) [unlockLinks] ; strcmp() ; strcmp() [FINAL] ; strcmp() [g_jimmy] ; SelectableCharacter::Initialize(Character*, SelectCharacterTypes, TarManager*, Ren::Scene*, bool, AnimationStateGraph::AnimStates) ; rmVector3::constructor(float, float, float) ; SelectableCharacter::SetHBOffset(rmVector3&) ; pgDBCollection::GetArrayString(const char*, int) [characterlist] ; pgIDatabase::GetKey(const char*) ; pgDBCollection::GetVector4FromArray(const char*, unsigned int, rmVector4&) [positions] ; EA::Math::Vector3::Set(float, float, float) ; CharacterManager::SpawnCharacter(unsigned long long, const rmVector3*, SpawnRegion*, unsigned int, bool, int, int) ; MemMgr::Alloc(unsigned long, MemMgr::PoolType, MemMgr::AllocType, const char*) [FrontEnd::SelectableCharacter] ; SelectableCharacter::constructor() ; SelectableCharacter::SetDefaultPos(SelectCharacterTypes, const rmVector3*) ; SelectableCharacter::SetDefaultRot(SelectCharacterTypes, float) ; pgDBCollection::GetArrayString(const char*, int) [unlockLinks] ; strcmp() ; strcmp() [FINAL] ; strcmp() [g_jimmy] ; SelectableCharacter::Initialize(Character*, SelectCharacterTypes, TarManager*, Ren::Scene*, bool, AnimationStateGraph::AnimStates) ; rmVector3::constructor(float, float, float) ; SelectableCharacter::SetHBOffset(rmVector3&) ; pgIDatabase::DestroyCollection(pgDBCollection*) ; pgIDatabase::DestroyCollection(pgDBCollection*)
17	MultiPlayerHandlers::SetNextButtonVisibility(bool) ; MultiPlayerHandlers::CharacterSelect_SetHelpTextVisibility(int) ; GlobalHandlers::SetCursorVisibility(int, int)
18	
19	Audio::PlayMusic(AUDIOMUSICTYPES)
20	Ren::FadeToColourEffect::StartFadeIn(int) ; Audio::StopMusic()
21	
22	
23	
24	
