# state_value	calls on the traced path (emulated with the state in r4; string args in [..])  # EnterState__9FEManagerF14eFrontendState @80326210
-1	
0	GlobalHandlers::Create() ; LoadingScreenHandlers::Create() ; AIP::Update(unsigned int) ; Ren::Scene::GetViewPort(int) ; EAGL::ViewPort::SetBackgroundColour(EAGL::Colour) ; AIP::Update(unsigned int) ; Ren::Scene::GetViewPort(int) ; EAGL::ViewPort::SetBackgroundColour(EAGL::Colour) ; AIP::Update(unsigned int) ; Ren::Scene::GetViewPort(int) ; EAGL::ViewPort::SetBackgroundColour(EAGL::Colour) ; AIP::Update(unsigned int) ; Ren::Scene::GetViewPort(int) ; EAGL::ViewPort::SetBackgroundColour(EAGL::Colour) ; AIP::Update(unsigned int) ; Ren::Scene::GetViewPort(int) ; EAGL::ViewPort::SetBackgroundColour(EAGL::Colour) ; AIP::Update(unsigned int) ; Ren::Scene::GetViewPort(int) ; EAGL::ViewPort::SetBackgroundColour(EAGL::Colour) ; AIP::Update(unsigned int) ; Ren::Scene::GetViewPort(int) ; EAGL::ViewPort::SetBackgroundColour(EAGL::Colour) ; AIP::Update(unsigned int) ; Ren::Scene::GetViewPort(int) ; EAGL::ViewPort::SetBackgroundColour(EAGL::Colour) ; AIP::Update(unsigned int) ; Ren::Scene::GetViewPort(int) ; EAGL::ViewPort::SetBackgroundColour(EAGL::Colour) ; AIP::Update(unsigned int) ; Ren::Scene::GetViewPort(int) ; EAGL::ViewPort::SetBackgroundColour(EAGL::Colour)
1	GlobalHandlers::Create() ; MainMenuHandlers::Create() ; CreditScreenHandlers::Create() ; ProfileHandlers::Create() ; MultiPlayerHandlers::Create() ; Controller::Get(int) ; Controller::SetCurrentControllerState(EControllerState) ; Controller::Get(int) ; Controller::SetCurrentControllerState(EControllerState) ; Controller::Get(int) ; Controller::SetCurrentControllerState(EControllerState) ; Controller::Get(int) ; Controller::SetCurrentControllerState(EControllerState)
2	
3	EndTourneyHandlers::Create() ; PaperAirplaneHandlers::Create() ; PauseMenuHandlers::Create() ; PreGameHandlers::Create() ; PostGameHandlers::Create() ; StickerBookHandlers::Create() ; StickerStoreHandlers::Create() ; BossEndGameHandlers::Create() ; ReportCardHandlers::Create() ; MinigameHandlers::Create() ; ConversationHandlers::Create() ; WorldHudHandlers::Create() ; GlobalHandlers::Create() ; AIP::Update(unsigned int) ; Ren::Scene::GetViewPort(int) ; EAGL::ViewPort::SetBackgroundColour(EAGL::Colour) ; AIP::Update(unsigned int) ; Ren::Scene::GetViewPort(int) ; EAGL::ViewPort::SetBackgroundColour(EAGL::Colour) ; AIP::Update(unsigned int) ; Ren::Scene::GetViewPort(int) ; EAGL::ViewPort::SetBackgroundColour(EAGL::Colour) ; AIP::Update(unsigned int) ; Ren::Scene::GetViewPort(int) ; EAGL::ViewPort::SetBackgroundColour(EAGL::Colour) ; AIP::Update(unsigned int) ; Ren::Scene::GetViewPort(int) ; EAGL::ViewPort::SetBackgroundColour(EAGL::Colour) ; AIP::Update(unsigned int) ; Ren::Scene::GetViewPort(int) ; EAGL::ViewPort::SetBackgroundColour(EAGL::Colour) ; AIP::Update(unsigned int) ; Ren::Scene::GetViewPort(int) ; EAGL::ViewPort::SetBackgroundColour(EAGL::Colour) ; AIP::Update(unsigned int) ; Ren::Scene::GetViewPort(int) ; EAGL::ViewPort::SetBackgroundColour(EAGL::Colour) ; AIP::Update(unsigned int) ; Ren::Scene::GetViewPort(int) ; EAGL::ViewPort::SetBackgroundColour(EAGL::Colour) ; AIP::Update(unsigned int) ; Ren::Scene::GetViewPort(int) ; EAGL::ViewPort::SetBackgroundColour(EAGL::Colour)
4	LoadingScreenHandlers::Create()
5	
6	
7	
8	
9	
10	
11	
12	
