# value	token	notes  # AnimationStateGraph::AnimStates (index into sAnimStateNames) ; table sAnimStateNames__19AnimationStateGraph @804eb124
0	ANIM_IDLE	
1	ANIM_WALK	
2	ANIM_WALK_BACK	
3	ANIM_SKIP	
4	ANIM_SNEAK	
5	ANIM_RUN	
6	ANIM_FIDGET	
7	ANIM_IO_USE	
8	ANIM_IO_DOOROPEN	
9	ANIM_INTERACT	
10	ANIM_HIGHFIVE1	
11	ANIM_HIGHFIVE2	
12	ANIM_AI_SPIN	
13	ANIM_AI_LEANWALL	
14	ANIM_AI_LEANWALL_LOOP	
15	ANIM_AI_STORYTELLER	
16	ANIM_AI_STORYLISTEN1	
17	ANIM_AI_STORYLISTEN2	
18	ANIM_AI_STORYLISTEN3	
19	ANIM_AI_SPITBALL	
20	ANIM_AI_NOSEPICK	
21	ANIM_AI_SHOETIE	
22	ANIM_AI_LOOKSKY	
23	ANIM_AI_SQUAT	
24	ANIM_AI_WAVING	
25	ANIM_AI_HEADSCRATCH	
26	ANIM_AI_POINTANDLAUGH	
27	ANIM_AI_SMELLANDSNEEZE	
28	ANIM_AI_SITBENCH	
29	ANIM_AI_SCRAPESHOE	
30	ANIM_AI_FRUSTRATION	
31	ANIM_AI_PICKME01	
32	ANIM_AI_PICKME02	
33	ANIM_AI_PICKME03	
34	ANIM_AI_PICKME04	
35	ANIM_AI_CONV01	
36	ANIM_AI_CONV02	
37	ANIM_AI_CONV03	
38	ANIM_AI_CONV04	
39	ANIM_AI_CONV05	
40	ANIM_AI_CONV06	
41	ANIM_BBALL_IDLE	
42	ANIM_BBALL_IDLEDRIBBLE	
43	ANIM_BBALL_RUN	
44	ANIM_BBALL_RUNDRIBBLE	
45	ANIM_BBALL_SHOT	
46	ANIM_BBALL_BOSS_IDLE	
47	ANIM_EMOTE_HAPPY	
48	ANIM_EMOTE_MISSSHOT	
49	ANIM_QDRAW_DRAWCENTER	
50	ANIM_QDRAW_DRAWLEFT	
51	ANIM_QDRAW_DRAWRIGHT	
52	ANIM_QDRAW_DRAWIDLE	
53	ANIM_QDRAW_HOLSTERCENTER	
54	ANIM_QDRAW_DEATH	
55	ANIM_QDRAW_COWBOYWALK	
56	ANIM_TB_IDLE	
57	ANIM_TB_IDLE_MIRROR	
58	ANIM_TB_SERVEIDLE	
59	ANIM_TB_SERVESTART	
60	ANIM_TB_SERVEEND	
61	ANIM_TB_LOWHITNORMALSTART	
62	ANIM_TB_LOWHITNORMALIDLE	
63	ANIM_TB_LOWHITNORMALEND	
64	ANIM_TB_LOWHITNORMALSTART_MIRROR	
65	ANIM_TB_LOWHITNORMALIDLE_MIRROR	
66	ANIM_TB_LOWHITNORMALEND_MIRROR	
67	ANIM_TB_LOWHITPOWERSTART	
68	ANIM_TB_LOWHITPOWERIDLE	
69	ANIM_TB_LOWHITPOWEREND	
70	ANIM_TB_LOWHITPOWERSTART_MIRROR	
71	ANIM_TB_LOWHITPOWERIDLE_MIRROR	
72	ANIM_TB_LOWHITPOWEREND_MIRROR	
73	ANIM_TB_HIGHHITNORMALSTART	
74	ANIM_TB_HIGHHITNORMALIDLE	
75	ANIM_TB_HIGHHITNORMALEND	
76	ANIM_TB_HIGHHITNORMALSTART_MIRROR	
77	ANIM_TB_HIGHHITNORMALIDLE_MIRROR	
78	ANIM_TB_HIGHHITNORMALEND_MIRROR	
79	ANIM_TB_HIGHHITPOWERSTART	
80	ANIM_TB_HIGHHITPOWERIDLE	
81	ANIM_TB_HIGHHITPOWEREND	
82	ANIM_TB_HIGHHITPOWERSTART_MIRROR	
83	ANIM_TB_HIGHHITPOWERIDLE_MIRROR	
84	ANIM_TB_HIGHHITPOWEREND_MIRROR	
85	ANIM_TB_WINNER	
86	ANIM_TB_LOSER	
87	ANIM_TB_HERO_IDLE	
88	ANIM_TB_HERO_IDLE_MIRROR	
89	ANIM_TB_HERO_LOWHITPOWERSTART	
90	ANIM_TB_HERO_LOWHITPOWERIDLE	
91	ANIM_TB_HERO_LOWHITPOWEREND	
92	ANIM_TB_HERO_LOWHITPOWERSTART_MIRROR	
93	ANIM_TB_HERO_LOWHITPOWERIDLE_MIRROR	
94	ANIM_TB_HERO_LOWHITPOWEREND_MIRROR	
95	ANIM_TB_HERO_WINNER	
96	ANIM_TB_BOSS_IDLE	
97	ANIM_BUGHUNT_IDLE	
98	ANIM_BUGHUNT_RUN	
99	ANIM_BUGHUNT_RUNSWING	
100	ANIM_BUGHUNT_STANDSWING	
101	ANIM_BUGHUNT_STUN	
102	ANIM_BUGHUNT_BURNING_NET	
103	ANIM_BUGHUNT_MEGASWIPE	
104	ANIM_BUGHUNT_DUMMY_STATE	
105	ANIM_DB_IDLE	
106	ANIM_DB_IDLEBALL	
107	ANIM_DB_DODGELEFT	
108	ANIM_DB_DODGERIGHT	
109	ANIM_DB_DODGELEFTBALL	
110	ANIM_DB_DODGERIGHTBALL	
111	ANIM_DB_THROW	
112	ANIM_DB_THROWPOWER	
113	ANIM_DB_THROWMEGA	
114	ANIM_DB_RUN	
115	ANIM_DB_RUNBACK	
116	ANIM_DB_RUNBALL	
117	ANIM_DB_RUNBACKBALL	
118	ANIM_DB_STARTIDLE	
119	ANIM_DB_BOOST	
120	ANIM_DB_STUMBLE	
121	ANIM_DB_STRAFELEFT	
122	ANIM_DB_STRAFERIGHT	
123	ANIM_DB_STRAFELEFTBALL	
124	ANIM_DB_STRAFERIGHTBALL	
125	ANIM_DB_CATCH	
126	ANIM_DB_BLOCK	
127	ANIM_DB_BOBBLESTART	
128	ANIM_DB_BOBBLECATCH	
129	ANIM_DB_BOBBLEDROP	
130	ANIM_DB_HIT	
131	ANIM_DB_HITPOWER	
132	ANIM_DB_HIT_PAUSE	
133	ANIM_DB_HITPOWER_PAUSE	
134	ANIM_DB_READY1	
135	ANIM_DB_READY2	
136	ANIM_DB_READY3	
137	ANIM_DB_READY4	
138	ANIM_DB_WINNER	
139	ANIM_DB_BOSS_IDLE	
140	ANIM_SC_IDLE	
141	ANIM_SC_RUN	
142	ANIM_SC_STRAFELEFT	
143	ANIM_SC_STRAFERIGHT	
144	ANIM_SC_STRAFEBACK	
145	ANIM_SC_SERVEIDLE	
146	ANIM_SC_SERVE	
147	ANIM_SC_JUGGLEIDLE	
148	ANIM_SC_JUGGLE	
149	ANIM_SC_DIVELEFT	
150	ANIM_SC_DIVERIGHT	
151	ANIM_SC_JUMPSTART	
152	ANIM_SC_JUMPIDLE	
153	ANIM_SC_JUMPEND	
154	ANIM_SC_JUMPKICKSTART	
155	ANIM_SC_JUMPKICKEND	
156	ANIM_SC_BLOCKSTART	
157	ANIM_SC_BLOCKEND	
158	ANIM_SC_BICYCLEKICKSTART	
159	ANIM_SC_BICYCLEKICKEND	
160	ANIM_SC_SPIKEHEADERSTART	
161	ANIM_SC_SPIKEHEADEREND	
162	ANIM_SC_MEGAKICK1	
163	ANIM_SC_MEGAKICK2	
164	ANIM_SC_HEADER	
165	ANIM_SC_CELEBGOAL	
166	ANIM_SC_CELEBWIN1	
167	ANIM_SC_CELEBWIN2	
168	ANIM_SC_BOSS_IDLE	
169	ANIM_DS_BLOCK	
170	ANIM_DS_DODGE	
171	ANIM_DS_IDLE	
172	ANIM_DS_DRAWCENTER	
173	ANIM_DS_DRAWIDLE	
174	ANIM_DS_DRAWLEFT	
175	ANIM_DS_DRAWRIGHT	
176	ANIM_DS_SHOOTLEFT	
177	ANIM_DS_SHOOTRIGHT	
178	ANIM_DS_RUNSHOOTLEFT	
179	ANIM_DS_RUNSHOOTRIGHT	
180	ANIM_DS_BOSSDEATH	
181	ANIM_DS_BOSSIDLE	
182	ANIM_DS_BOSSDRAW	
183	ANIM_DS_BOSSMEGALEFT	
184	ANIM_DS_BOSSMEGARIGHT	
185	ANIM_DS_HEADSHOT	
186	ANIM_DS_HIT	
187	ANIM_DS_ENTER1	
188	ANIM_DS_ENTER2	
189	ANIM_DS_ENTER3	
190	ANIM_DS_ENTER4	
191	ANIM_DS_ENTER5	
192	ANIM_DS_LEAVE1	
193	ANIM_DS_LEAVE2	
194	ANIM_DS_LEAVE3	
195	ANIM_DS_LEAVE4	
196	ANIM_DS_LEAVE5	
197	ANIM_DS_BOSSWORLDIDLE	
198	ANIM_WB_FOREHAND	
199	ANIM_WB_BACKHAND	
200	ANIM_WB_DIVE_LEFT	
201	ANIM_WB_DIVE_RIGHT	
202	ANIM_WB_SERVE	
203	ANIM_WB_SERVE_START	
204	ANIM_WB_SERVE_IDLE	
205	ANIM_WB_SERVE_END	
206	ANIM_WB_MEGAHIT_START	
207	ANIM_WB_MEGAHIT_END	
208	ANIM_WB_GET_HIT	
209	ANIM_WB_WIN	
210	ANIM_WB_BOSS_WIN	
211	ANIM_WB_LOSS	
212	ANIM_WB_BOSS_IDLE	
213	ANIM_PA_THROW	
214	ANIM_PA_IDLE	
215	ANIM_PA_BOSS_IDLE	
216	ANIM_RC_BOSS_IDLE	
217	ANIM_SELECTKID_RUN	
218	ANIM_SELECTKID_CELEBRATE	
219	ANIM_CONV_01	
220	ANIM_CONV_02	
221	ANIM_CONV_PROP_01	
222	ANIM_CONV_PROP_02	
223	ANIM_CONV_DART	
224	ANIM_CONV_PA	
225	ANIM_CELEB_GENERIC1	
226	ANIM_CELEB_GENERIC2	
227	ANIM_CELEB_GENERIC3	
228	ANIM_CELEB_GENERIC4	
229	ANIM_CELEB_ALICIA	
230	ANIM_CELEB_JAZZ	
231	ANIM_CELEB_JOSUN	
232	ANIM_CELEB_KALIA	
233	ANIM_CELEB_KEN	
234	ANIM_CELEB_NERDY	
235	ANIM_CELEB_SKATER	
236	ANIM_CELEB_TIMOTHY	
237	ANIM_CELEB_STICKERKID	
238	ANIM_CONV_SK	
239	ANIM_SK_IDLE	
240	ANIM_SK_BAG_REACH	
241	ANIM_EG_CELEB_01	
242	ANIM_EG_CELEB_02	
243	ANIM_EG_CELEB_03	
244	ANIM_EG_CELEB_04	
245	ANIM_EG_CELEB_05	
