# value	token	notes  # controls*.csv column: EControllerState ; parser ConvertStringToControllerState__F7CString @8032bc74 ; recovered from the code, not string order
0	STATE_FE	
1	STATE_WANDER	
2	STATE_MINIGAME	
3	STATE_COMBAT	
4	STATE_RANGED	
5	STATE_CAMERA	
6	STATE_FREECAM	
7	STATE_PAUSE	
8	STATE_DEBUGMENU	
9	STATE_CONVERSATION	
10	STATE_POITUNING	
11	STATE_21_WAITING	
12	STATE_21_FREEBALL	
13	STATE_21_INTERFERENCE	
14	STATE_21_SHOOTING	
15	STATE_QD_HOLSTERED	
16	STATE_QD_SHOOTING	
17	STATE_TB_SERVING	
18	STATE_TB_HITTING	
19	STATE_TB_WAITING	
20	STATE_DODGEBALL	
21	STATE_FOOTIE	
22	STATE_PA	
23	STATE_WALLBALL	
24	STATE_FREETHROW	
26	STATE_DRIBBLING	
27	STATE_RETURN	
28	STATE_ANY	default/invalid=31
29	STATE_MULTIPLAYER	
