# value	token	notes  # controls*.csv column: EActionEvent ; parser ConvertStringToActionEvent__F7CString @8032a4c0 ; recovered from the code, not string order
0	EVENT_PLAYER_MOVE	
1	EVENT_PLAYER_FACEDIRECTION	
2	EVENT_PLAYER_JUMP	
3	EVENT_ENTER_MINIGAME	
4	EVENT_EXIT_MINIGAME	
5	EVENT_SELECT_BUBBLE	
6	EVENT_INTERACTIVE_OBJECT_USE	
7	EVENT_CAMERA_REORIENT	
8	EVENT_CAMERA_RESET	
9	EVENT_CAMERA_MOVE	
10	EVENT_CAMERA_ON	
11	EVENT_CAMERA_OFF	
12	EVENT_CAMERA_ZOOMIN	
13	EVENT_CAMERA_ZOOMOUT	
14	EVENT_FREECAM_MOVE	
15	EVENT_FREECAM_TILTUP	
16	EVENT_FREECAM_TILTDOWN	
17	EVENT_FREECAM_TILTLEFT	
18	EVENT_FREECAM_TILTRIGHT	
19	EVENT_FREECAM_ON	
20	EVENT_FREECAM_OFF	
21	EVENT_FREECAM_UP	
22	EVENT_FREECAM_DOWN	
23	EVENT_FREECAM_ZOOMIN	
24	EVENT_FREECAM_ZOOMOUT	
25	EVENT_FREECAM_RESET	
26	EVENT_21_AIM	
27	EVENT_21_SHOOT	
28	EVENT_21_CHARGE	
29	EVENT_21_CANCEL	
30	EVENT_21_INTERFERENCE	
31	EVENT_QUICKDRAW_SHOOT	
32	EVENT_QUICKDRAW_DODGE	
33	EVENT_RCCARS_ACCELERATE	
34	EVENT_RCCARS_REVERSE	
35	EVENT_RCCARS_BOOST	
36	EVENT_RCCARS_POWERUP	
37	EVENT_RCCARS_TURN	
38	EVENT_RCCARS_SMOKESCREEN	
39	EVENT_RCCARS_A	
40	EVENT_RCCARS_A_DOUBLEDOWN	
41	EVENT_RCCARS_A_TAP	
42	EVENT_RCCARS_A_HOLD	
43	EVENT_RCCARS_A_PRESSED	
44	EVENT_RCCARS_B	
45	EVENT_RCCARS_B_DOUBLEDOWN	
46	EVENT_RCCARS_B_TAP	
47	EVENT_RCCARS_B_HOLD	
48	EVENT_RCCARS_B_PRESSED	
49	EVENT_RCCARS_1	
50	EVENT_RCCARS_1_DOUBLEDOWN	
51	EVENT_RCCARS_1_TAP	
52	EVENT_RCCARS_1_HOLD	
53	EVENT_RCCARS_1_PRESSED	
54	EVENT_RCCARS_2	
55	EVENT_RCCARS_2_DOUBLEDOWN	
56	EVENT_RCCARS_2_TAP	
57	EVENT_RCCARS_2_HOLD	
58	EVENT_RCCARS_2_PRESSED	
59	EVENT_RCCARS_Z	
60	EVENT_RCCARS_Z_DOUBLEDOWN	
61	EVENT_RCCARS_Z_TAP	
62	EVENT_RCCARS_Z_HOLD	
63	EVENT_RCCARS_Z_PRESSED	
64	EVENT_RCCARS_C	
65	EVENT_RCCARS_C_DOUBLEDOWN	
66	EVENT_RCCARS_C_TAP	
67	EVENT_RCCARS_C_HOLD	
68	EVENT_RCCARS_C_PRESSED	
69	EVENT_RCCARS_UP	
70	EVENT_RCCARS_UP_DOUBLEDOWN	
71	EVENT_RCCARS_UP_TAP	
72	EVENT_RCCARS_UP_HOLD	
73	EVENT_RCCARS_UP_PRESSED	
74	EVENT_RCCARS_DOWN	
75	EVENT_RCCARS_DOWN_DOUBLEDOWN	
76	EVENT_RCCARS_DOWN_TAP	
77	EVENT_RCCARS_DOWN_HOLD	
78	EVENT_RCCARS_DOWN_PRESSED	
79	EVENT_RCCARS_LEFT	
80	EVENT_RCCARS_LEFT_DOUBLEDOWN	
81	EVENT_RCCARS_LEFT_TAP	
82	EVENT_RCCARS_LEFT_HOLD	
83	EVENT_RCCARS_LEFT_PRESSED	
84	EVENT_RCCARS_RIGHT	
85	EVENT_RCCARS_RIGHT_DOUBLEDOWN	
86	EVENT_RCCARS_RIGHT_TAP	
87	EVENT_RCCARS_RIGHT_HOLD	
88	EVENT_RCCARS_RIGHT_PRESSED	
90	EVENT_TETHERBALL_SERVE	
91	EVENT_TETHERBALL_HIT	
92	EVENT_TETHERBALL_POWER_A	
93	EVENT_TETHERBALL_POWER_B	
94	EVENT_TETHERBALL_HIGH_MOD	
95	EVENT_TETHERBALL_OVERHAND	
96	EVENT_BUGHUNT_SWINGLEFT	
97	EVENT_BUGHUNT_SWINGRIGHT	
98	EVENT_DODGEBALL_MOVE	
99	EVENT_DODGEBALL_DPADMOVE	
100	EVENT_DODGEBALL_MODIFIERA	
101	EVENT_DODGEBALL_MODIFIERB	
102	EVENT_DODGEBALL_BUTTONA	
103	EVENT_DODGEBALL_BUTTONB	
104	EVENT_DODGEBALL_TARGETUP	
105	EVENT_DODGEBALL_TARGETDOWN	
106	EVENT_DODGEBALL_TARGETLEFT	
107	EVENT_DODGEBALL_TARGETRIGHT	
108	EVENT_DODGEBALL_GETREADY	
109	EVENT_FOOTIE_DPADMOVE	
110	EVENT_FOOTIE_MODIFIERA	
111	EVENT_FOOTIE_MODIFIERB	
112	EVENT_FOOTIE_BUTTONA	
113	EVENT_FOOTIE_BUTTONB	
114	EVENT_FOOTIE_SWAP	
115	EVENT_FOOTIE_POWER	
116	EVENT_PA_UP	
117	EVENT_PA_DOWN	
118	EVENT_PA_LEFT	
119	EVENT_PA_RIGHT	
120	EVENT_PA_FORWARD	
121	EVENT_PA_BACKWARD	
122	EVENT_PA_RESPAWN	
123	EVENT_PA_DASH	
124	EVENT_PA_TILT	
125	EVENT_PA_RESET	
126	EVENT_DARTSHOOTOUT_FIRE	
127	EVENT_DARTSHOOTOUT_FIREPRESSED	
128	EVENT_DARTSHOOTOUT_DEBUG_POINT_ENABLE	
129	EVENT_DARTSHOOTOUT_DEBUG_POINT_DISPLAY	
130	EVENT_DARTSHOOTOUT_DISABLE_BULLETTIME	
131	EVENT_DARTSHOOTOUT_ENABLE_BULLETTIME	
132	EVENT_DARTSHOOTOUT_ARM_MEGASHOT	
133	EVENT_DARTSHOOTOUT_CHARGE_MEGASHOT	
134	EVENT_DARTSHOOTOUT_ENABLE_SHIELD	
135	EVENT_DARTSHOOTOUT_RELOAD_UP	
136	EVENT_DARTSHOOTOUT_RELOAD_DOWN	
137	EVENT_DARTSHOOTOUT_RELOAD_LEFT	
138	EVENT_DARTSHOOTOUT_RELOAD_RIGHT	
139	EVENT_WALLBALL_DPADMOVE	
140	EVENT_WALLBALL_BUTTONA	
141	EVENT_WALLBALL_BUTTONB	
142	EVENT_WALLBALL_GETREADY	
143	EVENT_WALLBALL_MODIFIERA	
144	EVENT_WALLBALL_MODIFIERB	
145	EVENT_FREETHROW_A	
146	EVENT_FREETHROW_B	
147	EVENT_FREETHROW_MOD_A	
148	EVENT_FREETHROW_MOD_B	
149	EVENT_DEBUGMENU_ON	
150	EVENT_DEBUGMENU_OFF	
151	EVENT_DEBUGMENU_UP	
152	EVENT_DEBUGMENU_DOWN	
153	EVENT_DEBUGMENU_LEFT	
154	EVENT_DEBUGMENU_RIGHT	
155	EVENT_DEBUGMENU_BACK	
156	EVENT_DEBUGMENU_ACCEPT	
157	EVENT_DEBUGMENU_LEFTREPEAT	
158	EVENT_DEBUGMENU_RIGHTREPEAT	
159	EVENT_POITUNING_MOVE	
160	EVENT_POITUNING_ROTATELEFT	
161	EVENT_POITUNING_ROTATERIGHT	
162	EVENT_POITUNING_ENABLEROTATION	
163	EVENT_POITUNING_DISABLEROTATION	
164	EVENT_POITUNING_FASTMODIFIER	
165	EVENT_POITUNING_EDIT	
166	EVENT_POITUNING_NEXT	
167	EVENT_POITUNING_PREV	
168	EVENT_POITUNING_NEXTREPEAT	
169	EVENT_POITUNING_PREVREPEAT	
170	EVENT_POITUNING_NEXTTAGPOINT	
171	EVENT_POITUNING_PREVTAGPOINT	
172	EVENT_POITUNING_NEXTTAGPOINTREPEAT	
173	EVENT_POITUNING_PREVTAGPOINTREPEAT	
174	EVENT_CONVERSATION_START	
175	EVENT_PAUSE_ON	
176	EVENT_PAUSE_OFF	
177	EVENT_REPORTCARD	
178	EVENT_PLAYER_MOVE_LEFT	
179	EVENT_PLAYER_MOVE_RIGHT	
180	EVENT_PLAYER_MOVE_FORWARD	
181	EVENT_PLAYER_MOVE_BACKWARD	
182	EVENT_SELECTKID_SELECT	
183	EVENT_SELECTKID_CANCEL	default/invalid=190
184	EVENT_TEMP_MULTIPLAYER_LEFT	
185	EVENT_TEMP_MULTIPLAYER_RIGHT	
186	EVENT_TEMP_MULTIPLAYER_UP	
187	EVENT_TEMP_MULTIPLAYER_DOWN	
188	EVENT_TEMP_MULTIPLAYER_START	
