# setter	call_site	in_function	value  # FEManager::SetFEGameState(eFrontEndGameState) / SetState(eFrontendState)
SetFEGameState	8031ab1c	MultiPlayerFSHandlers::SetTeams	-1
SetFEGameState	8031aeac	MultiPlayerFSHandlers::LaunchNonTeamMiniGame	-1
SetFEGameState	803ad094	GameState::STATEFN_UPDATE_BootFlow	0
SetFEGameState	8031a510	MultiPlayerFSHandlers::SetPlayerOnNext	10
SetFEGameState	80320404	ProfileHandlers::TRCOperationCallback	12
SetFEGameState	80316aa4	GlobalFSHandlers::ScreenReady	13
SetFEGameState	8031a288	MultiPlayerFSHandlers::DoJobFS	13
SetFEGameState	803204ac	ProfileHandlers::TRCOperationCallback	13
SetFEGameState	803ad3bc	GameState::STATEFN_UPDATE_PG2FE	13
SetFEGameState	803ad994	GameState::STATEFN_UPDATE_MP2FE	13
SetFEGameState	803b3bc4	TRC::ControllerDisconnectOptionsResult	13
SetFEGameState	8031b728	MultiPlayerLVHandlers::HowManyPlayersOnLoad	15
SetFEGameState	8031a38c	MultiPlayerFSHandlers::SetNumberPlayers	16
SetFEGameState	8031a458	MultiPlayerFSHandlers::SetPlayerOnBack	16
SetFEGameState	8031b800	MultiPlayerLVHandlers::CharacterSetupOnLoad	16
SetFEGameState	80316af4	GlobalFSHandlers::ScreenReady	18
SetFEGameState	80316b18	GlobalFSHandlers::ScreenReady	19
SetFEGameState	803174a0	MainMenuFSHandlers::MainMenu_OnSelect	20
SetFEGameState	803ae164	GameState::STATEFN_UPDATE_FrontEnd	20
SetFEGameState	803ae1bc	GameState::STATEFN_UPDATE_FrontEnd	20
SetFEGameState	80320ed4	ProfileLVHandlers::ProfileOnLoad	3
SetFEGameState	8031a414	MultiPlayerFSHandlers::SetPlayerOnBack	4
SetFEGameState	80320984	ProfileFSHandlers::KidConfirmOnResponse	4
SetFEGameState	803207a4	ProfileFSHandlers::ProfileOnSelect	5
SetFEGameState	8032071c	ProfileFSHandlers::DoJobFS	6
SetState	803ad088	GameState::STATEFN_UPDATE_BootFlow	0
SetState	803ad3e0	GameState::STATEFN_UPDATE_PG2FE	1
SetState	803ad9b4	GameState::STATEFN_UPDATE_MP2FE	1
SetState	803adb80	GameState::STATEFN_UPDATE_Boot2FE	1
SetState	803ad87c	GameState::STATEFN_UPDATE_FE2MP	2
SetState	803ada70	GameState::STATEFN_UPDATE_FE2PG	2
SetState	803ad888	GameState::STATEFN_UPDATE_FE2MP	3
SetState	803adaa8	GameState::STATEFN_UPDATE_FE2PG	3
SetState	803ad3b0	GameState::STATEFN_UPDATE_PG2FE	4
SetState	803ad958	GameState::STATEFN_UPDATE_MP2FE	4
