# start	end	bytes	funcs	tier	subsystem	source_unit (STT_FILE name, link order)
80004000	800063c8	9160	12	middleware	wii-sdk-crt	__start.c
800063c8	800140f8	56624	7	engine	renderer-eagl	Gouraud.cpp
800140f8	8001464c	1364	5	engine	renderer-eagl	GouraudApt.cpp
8001464c	80014bf4	1448	5	engine	renderer-eagl	PlaygroundAnimatedTexture.cpp
80014bf4	800150cc	1240	5	engine	renderer-eagl	PlaygroundCharFaceToonShade_HWSkin.cpp
800150cc	80015514	1096	5	engine	renderer-eagl	PlaygroundCompressPlaceableShadow_HWSkin.cpp
80015514	8001595c	1096	5	engine	renderer-eagl	PlaygroundCompressShadow_HWSkin.cpp
8001595c	80015e34	1240	5	engine	renderer-eagl	PlaygroundCompressToonShade_HWSkin.cpp
80015e34	800162f0	1212	5	engine	renderer-eagl	PlaygroundLitPlaceable_HWSkin.cpp
800162f0	800167ac	1212	5	engine	renderer-eagl	PlaygroundShadow.cpp
800167ac	80016c0c	1120	5	engine	renderer-eagl	PlaygroundShadow_HWSkin.cpp
80016c0c	80017144	1336	5	engine	renderer-eagl	PlaygroundTexture.cpp
80017144	80017710	1484	5	engine	renderer-eagl	PlaygroundTextureAlphaDXT.cpp
80017710	80017e30	1824	5	engine	renderer-eagl	PlaygroundTextureAlphaDXTBase.cpp
80017e30	80018740	2320	5	engine	renderer-eagl	PlaygroundTextureAlphaDXTBaseShadow.cpp
80018740	80018f10	2000	5	engine	renderer-eagl	PlaygroundTextureAlphaDXTShadow.cpp
80018f10	8001942c	1308	5	engine	renderer-eagl	PlaygroundTextureBakedLight.cpp
8001942c	80019b68	1852	5	engine	renderer-eagl	PlaygroundTextureBakedLightShadow.cpp
80019b68	8001a2c0	1880	5	engine	renderer-eagl	PlaygroundTextureBakedLightShadowDouble.cpp
8001a2c0	8001aa34	1908	5	engine	renderer-eagl	PlaygroundTextureShadow.cpp
8001aa34	8001b364	2352	5	engine	renderer-eagl	PlaygroundTextureStaticShadow.cpp
8001b364	8001b810	1196	5	engine	renderer-eagl	PlaygroundTexture_HWSkin.cpp
8001b810	8001be0c	1532	5	engine	renderer-eagl	PlaygroundToonShade.cpp
8001be0c	8001c2e0	1236	5	engine	renderer-eagl	PlaygroundToonShade_HWSkin.cpp
8001c2e0	8001cb54	2164	5	engine	renderer-eagl	PlaygroundWater2.cpp
8001cb54	8001d4e4	2448	5	engine	renderer-eagl	TextureApt.cpp
8001d4e4	8001e374	3728	9	middleware	wii-sdk-crt	alloc.c
8001e374	8001fb74	6144	16	middleware	wii-sdk-crt	ansi_fp.c
8001fb74	80024078	17668	52	middleware	wii-sdk-crt	printf.c
80024078	80025b90	6936	13	middleware	ea-audio-sndlib	scanf.c
80025b90	8002aa34	20132	34	middleware	wii-sdk-crt	wprintf.c
8002aa34	8002f3c8	18836	53	middleware	ea-core-libs	locale.cpp
8002f3c8	80031d84	10684	60	middleware	ea-fonts-shapes-mem	mem_TRK.c
80031d84	80031dec	104	4	middleware	wii-sdk-crt	targimpl.c
80031dec	800356e4	14584	101	middleware	wii-sdk-crt	runtime.c
800356e4	8003746c	7560	32	middleware	wii-sdk-crt	EXIBios.c
8003746c	80037990	1316	2	middleware	wii-sdk-crt	EXIUart.c
80037990	80039050	5824	20	middleware	wii-sdk-crt	SIBios.c
80039050	8003a8cc	6268	44	middleware	wii-sdk-crt	OS.c
8003a8cc	8003b1d8	2316	16	middleware	wii-sdk-crt	OSAlarm.c
8003b1d8	8003b294	188	3	middleware	wii-sdk-crt	OSAlloc.c
8003b294	8003b7c4	1328	20	middleware	wii-sdk-crt	OSAudioSystem.c
8003b7c4	8003c6bc	3832	29	middleware	wii-sdk-crt	OSContext.c
8003c6bc	8003e168	6828	18	middleware	wii-sdk-crt	OSExec.c
8003e168	8003ed8c	3108	4	middleware	wii-sdk-crt	OSFatal.c
8003ed8c	8003f7c4	2616	7	middleware	wii-sdk-crt	OSFont.c
8003f7c4	800401d8	2580	12	middleware	wii-sdk-crt	OSInterrupt.c
800401d8	80040b58	2432	20	middleware	wii-sdk-crt	OSMemory.c
80040b58	80041350	2040	12	middleware	wii-sdk-crt	OSReset.c
80041350	80041b80	2096	8	middleware	wii-sdk-crt	OSRtc.c
80041b80	80042014	1172	7	middleware	wii-sdk-crt	OSSync.c
80042014	8004354c	5432	23	middleware	wii-sdk-crt	OSThread.c
8004354c	8004384c	768	6	middleware	wii-sdk-crt	OSTime.c
8004384c	80044304	2744	20	middleware	wii-sdk-crt	OSStateTM.c
80044304	800447c0	1212	2	middleware	wii-sdk-crt	OSPlayRecord.c
800447c0	80045004	2116	9	middleware	other-cpp	__ppc_eabi_init.cpp
80045004	8004632c	4904	32	middleware	wii-sdk-crt	dvdfs.c
8004632c	8004a9c4	18072	49	middleware	wii-sdk-crt	dvd.c
8004a9c4	8004afe0	1564	15	middleware	wii-sdk-crt	dvderror.c
8004afe0	8004b424	1092	8	middleware	wii-sdk-crt	dvd_broadway.c
8004b424	8004e3c4	12192	31	middleware	wii-sdk-crt	vi.c
8004e3c4	8004fa80	5820	18	middleware	wii-sdk-crt	i2c.c
8004fa80	80051844	7620	16	middleware	wii-sdk-crt	Padclamp.c
80051844	800530b8	6260	16	middleware	wii-sdk-crt	Pad.c
800530b8	800536c4	1548	13	middleware	wii-sdk-crt	ai.c
800536c4	800552e4	7200	54	middleware	wii-sdk-crt	AXOut.c
800552e4	80056744	5216	21	middleware	wii-sdk-crt	AXVPB.c
80056744	80058140	6652	28	middleware	wii-sdk-crt	AXFXReverbHiExp.c
80058140	80058158	24	2	middleware	wii-sdk-crt	AXFXHooks.c
80058158	80058f5c	3588	20	middleware	wii-sdk-crt	GXInit.c
80058f5c	8005a184	4648	6	middleware	wii-sdk-crt	GXFifo.c
8005a184	8005c62c	9384	46	middleware	wii-sdk-crt	GXMisc.c
8005c62c	8005e620	8180	60	middleware	wii-sdk-crt	GXTexture.c
8005e620	80060de0	10176	64	middleware	ea-fonts-shapes-mem	mem_heapCommon.c
80060de0	8006175c	2428	7	middleware	ea-fonts-shapes-mem	mem_expHeap.c
8006175c	80061ff4	2200	17	middleware	ea-fonts-shapes-mem	mem_allocator.c
80061ff4	80062760	1900	13	middleware	wii-sdk-crt	fs.c
80062760	80064de0	9856	46	middleware	wii-sdk-crt	ipcclt.c
80064de0	8006c5ac	30668	68	middleware	wii-sdk-crt	WPAD.c
8006c5ac	8006eb0c	9568	15	middleware	wii-sdk-crt	WPADHIDParser.c
8006eb0c	80074244	22328	38	middleware	ea-audio-sndlib	scsystem.c
80074244	80077bcc	14728	72	middleware	wii-sdk-crt	WUD.c
80077bcc	8007a02c	9312	37	middleware	wii-sdk-crt	nand.c
8007a02c	8007a600	1492	12	middleware	wii-sdk-crt	NANDOpenClose.c
8007a600	8007b738	4408	22	middleware	wii-sdk-crt	NANDCore.c
8007b738	8007b7f4	188	1	middleware	wii-sdk-crt	NANDCheck.c
8007b7f4	8007bb1c	808	2	middleware	wii-sdk-crt	gki_buffer.c
8007bb1c	8007e69c	11136	54	middleware	wii-sdk-crt	uusb_ppc.c
8007e69c	8007f300	3172	20	middleware	wii-sdk-crt	bte_main.c
8007f300	80082268	12136	83	middleware	wii-sdk-crt	bta_dm_act.c
80082268	80083218	4016	23	middleware	wii-sdk-crt	bta_dm_pm.c
80083218	80084a8c	6260	20	middleware	wii-sdk-crt	bta_hh_act.c
80084a8c	800853b0	2340	11	middleware	wii-sdk-crt	bta_hh_main.c
800853b0	80087b6c	10172	41	middleware	wii-sdk-crt	btm_dev.c
80087b6c	80087cbc	336	2	middleware	wii-sdk-crt	btm_devctl.c
80087cbc	8008a83c	11136	53	middleware	wii-sdk-crt	btm_inq.c
8008a83c	8008bad8	4764	15	middleware	wii-sdk-crt	btm_pm.c
8008bad8	8008bfd0	1272	4	middleware	wii-sdk-crt	btm_sco.c
8008bfd0	8008fb78	15272	43	middleware	wii-sdk-crt	btm_sec.c
8008fb78	80090e08	4752	13	middleware	wii-sdk-crt	btu_hcif.c
80090e08	80091afc	3316	12	middleware	wii-sdk-crt	gap_conn.c
80091afc	80091cd4	472	1	middleware	wii-sdk-crt	gap_utils.c
80091cd4	800952b8	13796	72	middleware	wii-sdk-crt	hidh_api.c
800952b8	8009779c	9444	22	middleware	wii-sdk-crt	hidh_conn.c
8009779c	80099a64	8904	26	middleware	wii-sdk-crt	l2c_csm.c
80099a64	8009bc48	8676	21	middleware	wii-sdk-crt	l2c_main.c
8009bc48	8009ffc4	17276	70	middleware	wii-sdk-crt	rfc_l2cap_if.c
8009ffc4	800a0c24	3168	11	middleware	wii-sdk-crt	rfc_mx_fsm.c
800a0c24	800a1dc4	4512	17	middleware	wii-sdk-crt	rfc_port_fsm.c
800a1dc4	800a5194	13264	53	middleware	ea-audio-sndlib	sdp_db.c
800a5194	800a6ec4	7472	18	middleware	ea-audio-sndlib	sdp_discovery.c
800a6ec4	800a79a8	2788	10	middleware	ea-audio-sndlib	sdp_main.c
800a79a8	800a8740	3480	5	middleware	ea-audio-sndlib	sdp_server.c
800a8740	800aa794	8276	25	middleware	wii-sdk-crt	usb.c
800aa794	800ad310	11132	18	middleware	wii-sdk-crt	KPAD.c
800ad310	800add50	2624	16	middleware	wii-sdk-crt	DebuggerDriver.c
800add50	800ae324	1492	8	middleware	wii-sdk-crt	exi2.c
800ae324	800b7aa8	38788	51	middleware	nw4r-hbm	HBMBase.cpp
800b7aa8	800b9648	7072	48	middleware	nw4r-hbm	HBMGUIManager.cpp
800b9648	800bb068	6688	53	middleware	nw4r-hbm	db_assert.cpp
800bb068	800bb674	1548	3	middleware	nw4r-hbm	db_console.cpp
800bb674	800bc1a4	2864	11	middleware	nw4r-hbm	db_directPrint.cpp
800bc1a4	800bcc30	2700	9	middleware	nw4r-hbm	db_mapFile.cpp
800bcc30	800bcf6c	828	3	middleware	nw4r-hbm	lyt_animation.cpp
800bcf6c	800bdf40	4052	12	middleware	nw4r-hbm	lyt_arcResourceAccessor.cpp
800bdf40	800be470	1328	12	middleware	nw4r-hbm	lyt_bounding.cpp
800be470	800bfacc	5724	24	middleware	nw4r-hbm	lyt_layout.cpp
800bfacc	800c0b90	4292	16	middleware	nw4r-hbm	lyt_material.cpp
800c0b90	800c53a8	18456	105	middleware	nw4r-hbm	lyt_pane.cpp
800c53a8	800c5ae0	1848	11	middleware	nw4r-hbm	lyt_picture.cpp
800c5ae0	800c89dc	12028	24	middleware	nw4r-hbm	lyt_textBox.cpp
800c89dc	800cb334	10584	21	middleware	nw4r-hbm	lyt_window.cpp
800cb334	800d2c7c	31048	110	middleware	nw4r-hbm	snd_BasicSound.cpp
800d2c7c	800d3f40	4804	16	middleware	nw4r-hbm	snd_Channel.cpp
800d3f40	800d989c	22876	140	middleware	nw4r-hbm	snd_SeqPlayer.cpp
800d989c	800d9f80	1764	18	middleware	nw4r-hbm	snd_SeqSound.cpp
800d9f80	800e6c04	52356	239	middleware	nw4r-hbm	snd_StrmPlayer.cpp
800e6c04	800e7070	1132	12	middleware	nw4r-hbm	snd_StrmSound.cpp
800e7070	800e8c30	7104	36	middleware	nw4r-hbm	snd_WavePlayer.cpp
800e8c30	800e9118	1256	14	middleware	nw4r-hbm	snd_WaveSound.cpp
800e9118	800ea72c	5652	49	middleware	nw4r-hbm	snd_WsdPlayer.cpp
800ea72c	800f04ac	23936	46	middleware	nw4r-hbm	ut_DvdFileStream.cpp
800f04ac	800f05f8	332	4	middleware	nw4r-hbm	ut_FileStream.cpp
800f05f8	800f0a00	1032	8	middleware	nw4r-hbm	ut_IOStream.cpp
800f0a00	800ffad4	61652	69	middleware	nw4r-hbm	ut_TextWriterBase.cpp
800ffad4	800ffd50	636	6	middleware	nw4r-hbm	db_assert.cpp
800ffd50	80100dd8	4232	32	middleware	nw4r-hbm	lyt_pane.cpp
80100dd8	80101298	1216	6	middleware	nw4r-hbm	lyt_layout.cpp
80101298	80102294	4092	25	middleware	nw4r-hbm	lyt_picture.cpp
80102294	80102ef8	3172	21	middleware	nw4r-hbm	lyt_textBox.cpp
80102ef8	8010552c	9780	21	middleware	nw4r-hbm	lyt_window.cpp
8010552c	801055d8	172	5	middleware	nw4r-hbm	lyt_bounding.cpp
801055d8	801058dc	772	2	middleware	nw4r-hbm	lyt_material.cpp
801058dc	80108d4c	13424	30	middleware	nw4r-hbm	lyt_animation.cpp
80108d4c	801098b0	2916	14	middleware	nw4r-hbm	lyt_arcResourceAccessor.cpp
801098b0	8010f2d0	23072	97	middleware	nw4r-hbm	ut_TextWriterBase.cpp
8010f2d0	8010f550	640	5	middleware	wii-sdk-crt	NWC24Schedule.c
8010f550	8010f8a0	848	8	middleware	wii-sdk-crt	NWC24Ipc.c
8010f8a0	80114538	19608	147	middleware	apt-ui-runtime	aip.cpp
80114538	801167b0	8824	47	middleware	apt-ui-runtime	composer.cpp
801167b0	80116ddc	1580	10	middleware	apt-ui-runtime	decomposer.cpp
80116ddc	80122c40	48740	286	middleware	apt-ui-runtime	AptArray.cpp
80122c40	8012fb08	52936	219	middleware	apt-ui-runtime	AptValue.cpp
8012fb08	8013203c	9524	74	middleware	apt-ui-runtime	StringPool.cpp
8013203c	80133b60	6948	46	middleware	apt-ui-runtime	Apt.cpp
80133b60	8013e638	43736	194	middleware	apt-ui-runtime	AptActionInterpreter.cpp
8013e638	8013f4a0	3688	17	middleware	apt-ui-runtime	AptAnimation.cpp
8013f4a0	801401b0	3344	13	middleware	apt-ui-runtime	AptAnimationTarget.cpp
801401b0	8014bf28	48504	222	middleware	apt-ui-runtime	AptMovie.cpp
8014bf28	80153740	30744	217	middleware	apt-ui-runtime	AptAuxEAGLREAL.cpp
80153740	80155e3c	9980	32	middleware	apt-ui-runtime	aptrealfont.cpp
80155e3c	801562b0	1140	3	middleware	apt-ui-runtime	timer.cpp
801562b0	80156500	592	9	middleware	havok	hkActionClass.cpp
80156500	801566f8	504	7	middleware	havok	hkArrayActionClass.cpp
801566f8	80156980	648	6	middleware	havok	hkBinaryActionClass.cpp
80156980	80156b60	480	5	middleware	havok	hkUnaryActionClass.cpp
80156b60	80158bd8	8312	52	middleware	havok	hkMaterialClass.cpp
80158bd8	80158cd8	256	3	middleware	havok	hkPropertyClass.cpp
80158cd8	801591f0	1304	12	middleware	havok	hkConstraintAtom.cpp
801591f0	80159bec	2556	30	middleware	havok	hkConstraintAtomClass.cpp
80159bec	8015a254	1640	19	middleware	havok	hkBallAndSocketConstraintDataClass.cpp
8015a254	8015a4e0	652	10	middleware	havok	hkHingeConstraintDataClass.cpp
8015a4e0	8015a9ac	1228	11	middleware	havok	hkLimitedHingeConstraintDataClass.cpp
8015a9ac	8015bbe8	4668	15	middleware	havok	hkLinearParametricCurveClass.cpp
8015bbe8	8015bc44	92	1	middleware	havok	hkParametricCurveClass.cpp
8015bc44	8015c520	2268	10	middleware	havok	hkPointToPathConstraintDataClass.cpp
8015c520	8015c7a4	644	10	middleware	havok	hkPointToPlaneConstraintDataClass.cpp
8015c7a4	8015cc50	1196	11	middleware	havok	hkPrismaticConstraintDataClass.cpp
8015cc50	8015d16c	1308	7	middleware	havok	hkRagdollConstraintData.cpp
8015d16c	8015d2f0	388	5	middleware	havok	hkRagdollConstraintDataClass.cpp
8015d2f0	8015d520	560	10	middleware	havok	hkStiffSpringConstraintDataClass.cpp
8015d520	8015d954	1076	10	middleware	havok	hkWheelConstraintDataClass.cpp
8015d954	8015e194	2112	14	middleware	havok	hkBreakableConstraintDataClass.cpp
8015e194	8015ea28	2196	16	middleware	havok	hkBallSocketChainDataClass.cpp
8015ea28	8015ec98	624	10	middleware	havok	hkHingeLimitsDataClass.cpp
8015ec98	8015ecf4	92	1	middleware	havok	hkConstraintChainDataClass.cpp
8015ecf4	8015f1a4	1200	13	middleware	havok	hkConstraintChainInstanceActionClass.cpp
8015f1a4	8015f2a8	260	4	middleware	havok	hkConstraintChainInstanceClass.cpp
8015f2a8	8016004c	3492	35	middleware	havok	hkPoweredChainData.cpp
8016004c	801605d8	1420	38	middleware	havok	hkPoweredChainDataClass.cpp
801605d8	80160968	912	10	middleware	havok	hkRagdollLimitsDataClass.cpp
80160968	80161294	2348	14	middleware	havok	hkStiffSpringChainDataClass.cpp
80161294	80161c90	2556	13	middleware	havok	hkGenericConstraintData.cpp
80161c90	8016317c	5356	25	middleware	havok	hkGenericConstraintDataClass.cpp
8016317c	801633bc	576	4	middleware	havok	hkGenericConstraintSchemeClass.cpp
801633bc	80164594	4568	16	middleware	havok	hkConstraintDataClass.cpp
80164594	80164a54	1216	15	middleware	havok	hkConstraintInstanceClass.cpp
80164a54	80164e7c	1064	11	middleware	havok	hkMalleableConstraintDataClass.cpp
80164e7c	80165130	692	8	middleware	havok	hkCallbackConstraintMotorClass.cpp
80165130	801651a4	116	1	middleware	havok	hkConstraintMotorClass.cpp
801651a4	8016520c	104	1	middleware	havok	hkLimitedForceConstraintMotorClass.cpp
8016520c	8016540c	512	6	middleware	havok	hkPositionConstraintMotorClass.cpp
8016540c	801655fc	496	6	middleware	havok	hkSpringDamperConstraintMotorClass.cpp
801655fc	801657f4	504	6	middleware	havok	hkVelocityConstraintMotorClass.cpp
801657f4	80165a38	580	10	middleware	havok	hkPulleyConstraintDataClass.cpp
80165a38	801699a8	16240	42	middleware	havok	hkEntityClass.cpp
801699a8	80169a04	92	1	middleware	havok	hkEntityDeactivatorClass.cpp
80169a04	80169b48	324	7	middleware	havok	hkFakeRigidBodyDeactivator.cpp
80169b48	80169c40	248	4	middleware	havok	hkFakeRigidBodyDeactivatorClass.cpp
80169c40	80169c94	84	1	middleware	havok	hkRigidBody.cpp
80169c94	8016b2f8	5732	26	middleware	havok	hkRigidBodyClass.cpp
8016b2f8	8016b358	96	1	middleware	havok	hkRigidBodyDeactivatorClass.cpp
8016b358	8016b840	1256	10	middleware	havok	hkSpatialRigidBodyDeactivatorClass.cpp
8016b840	8016c394	2900	26	middleware	havok	hkMotionClass.cpp
8016c394	8016c4d0	316	5	middleware	havok	hkThinBoxMotionClass.cpp
8016c4d0	8016cf3c	2668	17	middleware	havok	hkBoxMotionClass.cpp
8016cf3c	8016d290	852	8	middleware	havok	hkFixedRigidMotionClass.cpp
8016d290	8016d7d8	1352	25	middleware	havok	hkKeyframedRigidMotionClass.cpp
8016d7d8	8016de1c	1604	15	middleware	havok	hkSphereMotionClass.cpp
8016de1c	8016df58	316	5	middleware	havok	hkStabilizedBoxMotionClass.cpp
8016df58	8016e050	248	4	middleware	havok	hkStabilizedSphereMotionClass.cpp
8016e050	801713a4	13140	41	middleware	havok	hkAabbPhantomClass.cpp
801713a4	80172708	4964	20	middleware	havok	hkCachingShapePhantomClass.cpp
80172708	801736a8	4000	24	middleware	havok	hkPhantomClass.cpp
801736a8	80173a68	960	7	middleware	havok	hkShapePhantomClass.cpp
80173a68	80174ad0	4200	16	middleware	havok	hkSimpleShapePhantomClass.cpp
80174ad0	80175cbc	4588	24	middleware	havok	hkPhysicsSystemClass.cpp
80175cbc	8017d524	30824	93	middleware	havok	hkWorld.cpp
8017d524	8017d870	844	7	middleware	havok	hkWorldCinfoClass.cpp
8017d870	8017dd4c	1244	10	middleware	havok	hkWorldObjectClass.cpp
8017dd4c	8017e434	1768	7	middleware	havok	hkWorldMemoryWatchDogClass.cpp
8017e434	80180e00	10700	45	middleware	havok	hkSimulation.cpp
80180e00	801848e4	15076	61	middleware	havok	hkWorldOperationQueue.cpp
801848e4	80189b2c	21064	38	middleware	havok	hkWorldOperationUtil.cpp
80189b2c	8018b6ec	7104	24	middleware	havok	hkBoxBoxAgent.cpp
8018b6ec	80190a34	21320	76	middleware	havok	hkBvTreeAgent.cpp
80190a34	8019e5f0	56252	186	middleware	havok	hkCdBodyClass.cpp
8019e5f0	8019e680	144	2	middleware	havok	hkCollidableClass.cpp
8019e680	8019e6ec	108	6	middleware	havok	hkShapeCollectionFilterClass.cpp
8019e6ec	801a7128	35388	102	middleware	havok	hkNullAgent.cpp
801a7128	801b2358	45616	158	middleware	havok	hkTypedBroadPhaseHandleClass.cpp
801b2358	801b3e88	6960	27	middleware	havok	hkDefaultConvexListFilterClass.cpp
801b3e88	801b4610	1928	24	middleware	havok	hkGroupFilterClass.cpp
801b4610	801b4668	88	1	middleware	havok	hkCollidableCollidableFilterClass.cpp
801b4668	801b46dc	116	1	middleware	havok	hkCollisionFilterClass.cpp
801b46dc	801b473c	96	1	middleware	havok	hkConvexListFilterClass.cpp
801b473c	801b4794	88	1	middleware	havok	hkRayCollidableFilterClass.cpp
801b4794	801b4c98	1284	17	middleware	havok	hkCollisionFilterListClass.cpp
801b4c98	801b4e88	496	17	middleware	havok	hkNullCollisionFilterClass.cpp
801b4e88	801b5e98	4112	21	middleware	havok	hkBoxShapeClass.cpp
801b5e98	801b6448	1456	12	middleware	havok	hkBvShapeClass.cpp
801b6448	801b64a4	92	1	middleware	havok	hkBvTreeShapeClass.cpp
801b64a4	801b7df0	6476	18	middleware	havok	hkCapsuleShapeClass.cpp
801b7df0	801b85a8	1976	9	middleware	havok	hkShapeCollectionClass.cpp
801b85a8	801b8868	704	5	middleware	havok	hkConvexShapeClass.cpp
801b8868	801b97d0	3944	27	middleware	havok	hkConvexListShapeClass.cpp
801b97d0	801ba074	2212	17	middleware	havok	hkConvexPieceMeshShapeClass.cpp
801ba074	801bbe70	7676	37	middleware	havok	hkConvexTransformShapeClass.cpp
801bbe70	801bcbd4	3428	19	middleware	havok	hkConvexTranslateShapeClass.cpp
801bcbd4	801bdcec	4376	16	middleware	havok	hkConvexVerticesShapeClass.cpp
801bdcec	801bddac	192	3	middleware	havok	hkCylinderShape.cpp
801bddac	801bfd34	8072	16	middleware	havok	hkCylinderShapeClass.cpp
801bfd34	801c126c	5432	10	middleware	havok	hkExtendedMeshShape.cpp
801c126c	801c2440	4564	22	middleware	havok	hkExtendedMeshShapeClass.cpp
801c2440	801c28d8	1176	12	middleware	havok	hkFastMeshShapeClass.cpp
801c28d8	801c2934	92	1	middleware	havok	hkHeightFieldShapeClass.cpp
801c2934	801c298c	88	1	middleware	havok	hkRayShapeCollectionFilterClass.cpp
801c298c	801c2bbc	560	2	middleware	havok	hkShapeClass.cpp
801c2bbc	801c2d98	476	10	middleware	havok	hkShapeContainerClass.cpp
801c2d98	801c2e20	136	2	middleware	havok	hkShapeRayCastInputClass.cpp
801c2e20	801c3d8c	3948	25	middleware	havok	hkListShapeClass.cpp
801c3d8c	801c3e14	136	2	middleware	havok	hkMeshMaterialClass.cpp
801c3e14	801c44cc	1720	6	middleware	havok	hkMeshShape.cpp
801c44cc	801c4a7c	1456	10	middleware	havok	hkMeshShapeClass.cpp
801c4a7c	801c56f0	3188	18	middleware	havok	hkMoppBvTreeShapeClass.cpp
801c56f0	801c6afc	5132	27	middleware	havok	hkMoppEmbeddedShapeClass.cpp
801c6afc	801c6d80	644	10	middleware	havok	hkRemoveTerminalsMoppModifierClass.cpp
801c6d80	801c76d8	2392	11	middleware	havok	hkMultiRayShapeClass.cpp
801c76d8	801c80fc	2596	5	middleware	havok	hkMultiSphereShape.cpp
801c80fc	801c84f4	1016	8	middleware	havok	hkMultiSphereShapeClass.cpp
801c84f4	801c9e1c	6440	17	middleware	havok	hkPackedConvexVerticesShapeClass.cpp
801c9e1c	801c9f0c	240	5	middleware	havok	hkPhantomCallbackShapeClass.cpp
801c9f0c	801cac24	3352	11	middleware	havok	hkPlaneShapeClass.cpp
801cac24	801cd0c0	9372	9	middleware	havok	hkSampledHeightFieldShape.cpp
801cd0c0	801cd128	104	1	middleware	havok	hkSampledHeightFieldShapeClass.cpp
801cd128	801cd8fc	2004	15	middleware	havok	hkSimpleMeshShapeClass.cpp
801cd8fc	801cdfc0	1732	15	middleware	havok	hkSphereShapeClass.cpp
801cdfc0	801ce01c	92	1	middleware	havok	hkSphereRepShapeClass.cpp
801ce01c	801ce420	1028	5	middleware	havok	hkStorageExtendedMeshShape.cpp
801ce420	801cf720	4864	15	middleware	havok	hkStorageExtendedMeshShapeClass.cpp
801cf720	801cfa08	744	4	middleware	havok	hkStorageMeshShape.cpp
801cfa08	801d0494	2700	10	middleware	havok	hkStorageMeshShapeClass.cpp
801d0494	801d0b18	1668	8	middleware	havok	hkStorageSampledHeightFieldShapeClass.cpp
801d0b18	801d14b8	2464	11	middleware	havok	hkTransformShapeClass.cpp
801d14b8	801d3034	7036	16	middleware	havok	hkTriangleShapeClass.cpp
801d3034	801d41a4	4464	13	middleware	havok	hkTriSampledHeightFieldBvTreeShapeClass.cpp
801d41a4	801d48cc	1832	13	middleware	havok	hkTriSampledHeightFieldCollectionClass.cpp
801d48cc	801d4ed4	1544	4	middleware	havok	hkWeldingUtilityClass.cpp
801d4ed4	801d55b0	1756	8	middleware	havok	hkAngularDashpotActionClass.cpp
801d55b0	801d5b70	1472	8	middleware	havok	hkDashpotActionClass.cpp
801d5b70	801d600c	1180	8	middleware	havok	hkMotorActionClass.cpp
801d600c	801d6978	2412	8	middleware	havok	hkReorientActionClass.cpp
801d6978	801d707c	1796	8	middleware	havok	hkSpringActionClass.cpp
801d707c	801d7c34	3000	21	middleware	havok	hkCharacterProxy.cpp
801d7c34	801dbf4c	17176	49	middleware	havok	hkCharacterProxyCinfoClass.cpp
801dbf4c	801ddba0	7252	53	middleware	havok	hkConstrainedSystemFilterClass.cpp
801ddba0	801de004	1124	23	middleware	havok	hkDisableEntityCollisionFilterClass.cpp
801de004	801de61c	1560	18	middleware	havok	hkGroupCollisionFilterClass.cpp
801de61c	801deb80	1380	24	middleware	havok	hkPairwiseCollisionFilterClass.cpp
801deb80	801df5ac	2604	21	middleware	havok	hkPoweredChainMapperClass.cpp
801df5ac	801df7bc	528	7	middleware	havok	hkPhysicsSystemWithContactsClass.cpp
801df7bc	801dfcd4	1304	9	middleware	havok	hkSerializedAgentNnEntryClass.cpp
801dfcd4	801e0780	2732	17	middleware	havok	hkMouseSpringActionClass.cpp
801e0780	801e08d4	340	5	middleware	havok	hkSerializedDisplayMarkerClass.cpp
801e08d4	801e0ae0	524	5	middleware	havok	hkSerializedDisplayMarkerListClass.cpp
801e0ae0	801e0d18	568	6	middleware	havok	hkSerializedDisplayRbTransformsClass.cpp
801e0d18	801e0f14	508	4	middleware	havok	hkDisplayBindingDataClass.cpp
801e0f14	801e1168	596	5	middleware	havok	hkPhysicsDataClass.cpp
801e1168	801e1294	300	4	middleware	havok	hkConvexRadiusBuilder.cpp
801e1294	801e13b8	292	4	middleware	havok	hkShapeDisplayBuilder.cpp
801e13b8	801e1480	200	5	middleware	havok	hkBaseObjectClass.cpp
801e1480	801e14e4	100	4	middleware	havok	hkReferencedObject.cpp
801e14e4	801e15e8	260	4	middleware	havok	hkReferencedObjectClass.cpp
801e15e8	801e25c8	4064	38	middleware	havok	hkBaseSystem.cpp
801e25c8	801e2850	648	16	middleware	havok	hkClassClass.cpp
801e2850	801e2954	260	3	middleware	havok	hkClassEnumClass.cpp
801e2954	801e2c28	724	7	middleware	havok	hkClassMemberClass.cpp
801e2c28	801e2cf0	200	1	middleware	havok	hkClassVersion1Class.cpp
801e2cf0	801e30fc	1036	7	middleware	havok	hkBitFieldClass.cpp
801e30fc	801e4468	4972	36	middleware	havok	hkMemory.cpp
801e4468	801e46ac	580	15	middleware	havok	hkScratchpad.cpp
801e46ac	801e5170	2756	24	middleware	havok	hkMonitorStream.cpp
801e5170	801e5310	416	4	middleware	havok	hkMonitorStreamAnalyzerClass.cpp
801e5310	801e5c6c	2396	14	middleware	havok	hkSystemClock.cpp
801e5c6c	801e5cec	128	1	middleware	havok	hkOstream.cpp
801e5cec	801e6e28	4412	51	middleware	havok	hkMultiThreadCheckClass.cpp
801e6e28	801e8518	5872	16	middleware	havok	hkBvTreeAgent3.cpp
801e8518	801ebefc	14820	54	middleware	havok	hkAgent1nMachineProcess.cpp
801ebefc	801ecfd4	4312	3	middleware	havok	hkAgent1nTrackClass.cpp
801ecfd4	801ed394	960	4	middleware	havok	hkAgentNnMachine.cpp
801ed394	801eed74	6624	15	middleware	havok	hkLinkedCollidableClass.cpp
801eed74	801f48ec	23416	44	middleware	havok	hkBoxBoxCollisionDetection.cpp
801f48ec	8020009c	47024	60	middleware	havok	hk3AxisSweep.cpp
8020009c	80200254	440	6	middleware	havok	hkBroadPhaseHandleClass.cpp
80200254	80200438	484	5	middleware	havok	hkConvexPieceStreamDataClass.cpp
80200438	80203760	13096	43	middleware	havok	hkContinuousGsk.cpp
80203760	80205504	7588	12	middleware	havok	hkGskManifoldUtil.cpp
80205504	80208964	13408	18	middleware	havok	hkGsk.cpp
80208964	8020c6a8	15684	21	middleware	havok	hkConvexPenetrationUtil.cpp
8020c6a8	8020d304	3164	5	middleware	havok	hkCvxCvxDistByHeuristicSampling.cpp
8020d304	8020ecc4	6592	15	middleware	havok	hkMoppCodeClass.cpp
8020ecc4	802103ac	5864	3	middleware	havok	hkMoppAabbCastVirtualMachine.cpp
802103ac	80211a48	5788	4	middleware	havok	hkMoppLongRayVirtualMachine.cpp
80211a48	80212ac0	4216	4	middleware	havok	hkMoppObbVirtualMachine.cpp
80212ac0	802134c0	2560	3	middleware	havok	hkMoppSphereVirtualMachine.cpp
802134c0	802151c4	7428	6	middleware	havok	hkCollideCapsuleUtil.cpp
802151c4	8021c734	30064	65	middleware	havok	hkContinuousSimulation.cpp
8021c734	8021c8cc	408	9	middleware	havok	hkGeomConvexHullBuilder.cpp
8021c8cc	802226ec	24096	58	middleware	havok	hkBuildJacobianFromAtoms.cpp
802226ec	8022a50c	32288	46	middleware	havok	hkSimpleContactConstraintInfo.cpp
8022a50c	8022ac70	1892	20	middleware	havok	hkSimpleContactConstraintInfoClass.cpp
8022ac70	8022d3fc	10124	16	middleware	havok	hkSimplexSolver.cpp
8022d3fc	80236f54	39768	78	middleware	havok	hkSolver.cpp
80236f54	80236f84	48	1	middleware	havok	hkSolverCheck.cpp
80236f84	802385e4	5728	23	middleware	havok	hkSolverExport.cpp
802385e4	8023a404	7712	17	middleware	havok	hkVehicleFrictionSolver.cpp
8023a404	8023a48c	136	2	middleware	havok	hkAabbClass.cpp
8023a48c	8023a514	136	2	middleware	havok	hkContactPointClass.cpp
8023a514	8023a62c	280	3	middleware	havok	hkMotionStateClass.cpp
8023a62c	8023c4ac	7808	24	middleware	havok	hkQuaternion.cpp
8023c4ac	8023c8ac	1024	6	middleware	havok	hkSweptTransformClass.cpp
8023c8ac	8023e8f0	8260	27	middleware	havok	hkDebugDisplay.cpp
8023e8f0	8023ecd0	992	9	middleware	havok	hkProcessFactory.cpp
8023ecd0	8023f404	1844	7	middleware	havok	hkBinaryPackfileReader.cpp
8023f404	80241c44	10304	46	middleware	havok	hkPackfileHeaderClass.cpp
80241c44	80241c90	76	1	middleware	havok	hkPackfileSectionHeader.cpp
80241c90	80241eb4	548	5	middleware	havok	hkPackfileSectionHeaderClass.cpp
80241eb4	8024299c	2792	11	middleware	havok	hkPackfileReader.cpp
8024299c	802432f8	2396	23	middleware	havok	hkBuiltinTypeRegistry.cpp
802432f8	80243f5c	3172	7	middleware	havok	hkRootLevelContainerClass.cpp
80243f5c	80244844	2280	9	middleware	havok	hkStructureLayout.cpp
80244844	80244dd4	1424	10	middleware	havok	hkVersionRegistry.cpp
80244dd4	80244e60	140	2	middleware	havok	hkxAttributeClass.cpp
80244e60	80244ee8	136	2	middleware	havok	hkxAttributeGroupClass.cpp
80244ee8	80244f70	136	2	middleware	havok	hkxAttributeHolderClass.cpp
80244f70	8024507c	268	3	middleware	havok	hkxMaterialClass.cpp
8024507c	80245118	156	2	middleware	havok	hkxIndexBufferClass.cpp
80245118	80245220	264	3	middleware	havok	hkxMeshClass.cpp
80245220	802452a8	136	2	middleware	havok	hkxMeshSectionClass.cpp
802452a8	80245330	136	2	middleware	havok	hkxVertexBufferClass.cpp
80245330	802453b8	136	2	middleware	havok	hkxVertexFormatClass.cpp
802453b8	8024c6d4	29468	146	middleware	trc-wii-requirements	TRC.cpp
8024c6d4	8024cf38	2148	16	middleware	trc-wii-requirements	TRCApt.cpp
8024cf38	8024d7b8	2176	17	middleware	trc-wii-requirements	TRCmemorycard.cpp
8024d7b8	80252380	19400	102	middleware	trc-wii-requirements	TRCUtility.cpp
80252380	80253d04	6532	57	game	frontend	TRCWiiCoreHandlers.cpp
80253d04	80255908	7172	30	middleware	trc-wii-requirements	TRCWiiHomeButton.cpp
80255908	802629ac	53412	308	middleware	exposure-conga	conga_master.cpp
802629ac	80262ee4	1336	21	middleware	exposure-conga	Console.cpp
80262ee4	80265f10	12332	87	middleware	lua	lapi.cpp
80265f10	80267134	4644	37	middleware	lua	lcode.cpp
80267134	802680a8	3956	19	middleware	lua	ldebug.cpp
802680a8	802690c0	4120	19	middleware	lua	ldo.cpp
802690c0	80269f94	3796	18	middleware	lua	lgc.cpp
80269f94	8026ae70	3804	13	middleware	lua	llex.cpp
8026ae70	8026c15c	4844	8	middleware	lua	lobject.cpp
8026c15c	8026ecec	11152	34	middleware	lua	lparser.cpp
8026ecec	8026ed4c	96	1	middleware	lua	lstate.cpp
8026ed4c	8026f93c	3056	13	middleware	lua	ltable.cpp
8026f93c	802703c8	2700	15	middleware	lua	lundump.cpp
802703c8	80271494	4300	16	middleware	lua	lvm.cpp
80271494	80273e98	10756	61	middleware	ea-audio-sndlib	csis.cpp
80273e98	80274960	2760	21	middleware	ea-audio-sndlib	saems.c
80274960	802766b0	7504	59	middleware	ea-audio-sndlib	saemsamb.c
802766b0	80277564	3764	23	middleware	ea-audio-sndlib	saemsstr.c
80277564	802783b4	3664	12	middleware	ea-audio-sndlib	satospkr.c
802783b4	80279c8c	6360	38	middleware	ea-audio-sndlib	sgp.cpp
80279c8c	8027c43c	10160	60	middleware	ea-audio-sndlib	sserver.c
8027c43c	8027e3f0	8116	41	middleware	ea-audio-sndlib	sstrstat.c
8027e3f0	8027e7a8	952	5	middleware	ea-audio-sndlib	sstvol.c
8027e7a8	80281650	11944	65	middleware	ea-audio-sndlib	lbmpeg.cpp
80281650	80284004	10676	19	middleware	ea-audio-sndlib	lbmpegpoly_c.cpp
80284004	80286460	9308	13	middleware	ea-audio-sndlib	mpegl3base.cpp
80286460	80287208	3496	7	middleware	ea-audio-sndlib	mtdec16.cpp
80287208	8028770c	1284	4	middleware	ea-audio-sndlib	mtdecf.cpp
8028770c	8028bcf0	17892	81	middleware	ea-audio-sndlib	stretch.c
8028bcf0	8028d594	6308	43	middleware	ea-audio-sndlib	sdfx.c
8028d594	8028f5e8	8276	27	middleware	ea-audio-sndlib	snddrv.c
8028f5e8	80291410	7720	35	middleware	ea-audio-sndlib	spchcsis.cpp
80291410	80292538	4392	30	middleware	ea-audio-sndlib	spchevnt.c
80292538	80292abc	1412	10	middleware	ea-audio-sndlib	spchinit.c
80292abc	80292dfc	832	12	middleware	ea-audio-sndlib	spchpick.c
80292dfc	80296204	13320	45	middleware	video-vp6-mp3	avplayer.cpp
80296204	802965e0	988	21	game	mg-rccars	rcmpbase.cpp
802965e0	80297150	2928	26	game	mg-rccars	rcmp_vp6_codec.cpp
80297150	80297994	2116	18	game	mg-rccars	rcmp_mad_codec.cpp
80297994	8029806c	1752	13	middleware	video-vp6-mp3	maddec.cpp
8029806c	802988a8	2108	3	middleware	video-vp6-mp3	maddeca.cpp
802988a8	80298e28	1408	3	middleware	video-vp6-mp3	madidct.cpp
80298e28	80299008	480	3	middleware	video-vp6-mp3	bigswizzler.cpp
80299008	8029a69c	5780	12	middleware	video-vp6-mp3	hwvideodisplaylist.cpp
8029a69c	8029b0ec	2640	10	middleware	video-vp6-mp3	criticalpath.c
8029b0ec	802a08fc	22544	51	middleware	video-vp6-mp3	decodembs.c
802a08fc	802a34ac	11184	21	middleware	video-vp6-mp3	Huffman.c
802a34ac	802a5644	8600	37	middleware	video-vp6-mp3	quantize.c
802a5644	802af86c	41512	308	middleware	text-input	MyTiManager.cpp
802af86c	802afa10	420	5	middleware	text-input	tiCandidateBox.cpp
802afa10	802b2e04	13300	61	middleware	text-input	tiCellPhone.cpp
802b2e04	802b6514	14096	77	middleware	text-input	tiConvertJPN.cpp
802b6514	802b695c	1096	1	middleware	text-input	tiCpData.cpp
802b695c	802b6aa4	328	3	middleware	text-input	tiDebug.cpp
802b6aa4	802b8558	6836	44	middleware	text-input	tiGUIManager.cpp
802b8558	802be6ec	24980	124	middleware	text-input	tiInputForm.cpp
802be6ec	802bff5c	6256	68	middleware	text-input	tiManager.cpp
802bff5c	802c0d40	3556	43	middleware	text-input	tiNw4rManager.cpp
802c0d40	802c4ff0	17072	65	middleware	text-input	tiPcKeyboard.cpp
802c4ff0	802c5b4c	2908	16	middleware	text-input	tiPkData.cpp
802c5b4c	802c6e48	4860	22	middleware	text-input	tiPredictLang.cpp
802c6e48	802c6f4c	260	3	middleware	text-input	tiSignWindow.cpp
802c6f4c	802c9eac	12128	80	middleware	text-input	tiSwData.cpp
802c9eac	802cabd8	3372	18	middleware	text-input	tiTextDrawer.cpp
802cabd8	802cc578	6560	46	middleware	text-input	tiUtil.cpp
802cc578	802ccd8c	2068	16	game	ai	aientity.cpp
802ccd8c	802cce1c	144	5	game	ai	aiutils.cpp
802cce1c	802cd250	1076	12	game	ai	ancientevil.cpp
802cd250	802cf2b8	8296	69	game	ai	compulsion.cpp
802cf2b8	802cf544	652	14	game	ai	metaworldplayaientity.cpp
802cf544	802cf704	448	7	game	ai	metaworldstaticaientity.cpp
802cf704	802d0ffc	6392	47	game	ai	poi.cpp
802d0ffc	802d1870	2164	15	game	ai	poigroup.cpp
802d1870	802d2578	3336	24	game	ai	poiinterpreter.cpp
802d2578	802d32b0	3384	16	game	ai	poimanager.cpp
802d32b0	802d34bc	524	6	game	ai	simplemovementaientity.cpp
802d34bc	802d4120	3172	25	game	attribute-db	attribclass.cpp
802d4120	802d59f0	6352	35	game	attribute-db	attribcollection.cpp
802d59f0	802d86b0	11456	89	game	attribute-db	attribdatabase.cpp
802d86b0	802d8e54	1956	3	game	attribute-db	attribhash64.cpp
802d8e54	802d8fe0	396	4	game	attribute-db	attribinstance.cpp
802d8fe0	802da1c0	4576	32	game	attribute-db	attribloadandgo.cpp
802da1c0	802da364	420	8	game	attribute-db	attribsupport.cpp
802da364	802da56c	520	7	game	attribute-db	attribute.cpp
802da56c	802da828	700	1	game	audio	Playground_AEMS.cpp
802da828	802dab94	876	10	game	audio	AuAEMSFile.cpp
802dab94	802dabac	24	1	game	audio	AuAEMSFiles.cpp
802dabac	802e0694	23272	112	game	audio	AuAEMSManager.cpp
802e0694	802e0f68	2260	14	game	audio	AuAEMSQueueLoader.cpp
802e0f68	802e109c	308	9	game	audio	AuAllocator.cpp
802e109c	802e232c	4752	52	game	audio	Audio.cpp
802e232c	802e3880	5460	25	game	audio	AuEnvironmentManager.cpp
802e3880	802e3ad0	592	5	game	audio	AuHelpers.cpp
802e3ad0	802e4340	2160	20	game	audio	AuMusicManager.cpp
802e4340	802e6658	8984	50	game	audio	AuSoundObject.cpp
802e6658	802e6f24	2252	12	game	audio	AuSpeechManager.cpp
802e6f24	802e77a4	2176	18	game	audio	AuWiimoteManager.cpp
802e77a4	802e7f4c	1960	15	game	characters	aicharactercontrol.cpp
802e7f4c	802ea47c	9520	39	game	characters	character.cpp
802ea47c	802ea718	668	5	game	characters	characterconversation.cpp
802ea718	802ead00	1512	8	game	characters	charactereffects.cpp
802ead00	802eb730	2608	11	game	characters	characterheadtracking.cpp
802eb730	802ed504	7636	44	game	characters	charactermanager.cpp
802ed504	802edd84	2176	13	game	characters	charactermovement.cpp
802edd84	802edea4	288	5	game	characters	characterproprenderentity.cpp
802edea4	802edf8c	232	4	game	characters	characterrenderentity.cpp
802edf8c	802ee8f0	2404	18	game	characters	characterstate.cpp
802ee8f0	802ef7d8	3816	17	game	characters	localcharactercontrol.cpp
802ef7d8	802f0248	2672	11	game	characters	npcindicator.cpp
802f0248	802f0ba8	2400	13	game	characters	npcrenderentity.cpp
802f0ba8	802f0e50	680	6	game	characters	shadowrenderentity.cpp
802f0e50	802f2120	4816	27	game	conversation	conversationmanager.cpp
802f2120	802f26e0	1472	20	game	conversation	conversationnode.cpp
802f26e0	802f294c	620	3	game	conversation	conversationtree.cpp
802f294c	802f2b3c	496	7	game	conversation	conversationutil.cpp
802f2b3c	802f3204	1736	11	game	data-parsers	csvparser.cpp
802f3204	802f33e4	480	4	game	data-parsers	parser.cpp
802f33e4	802f3ef0	2828	12	game	attribute-db	attribasset.cpp
802f3ef0	802f62fc	9228	93	game	data-parsers	db.cpp
802f62fc	802f6f78	3196	25	game	effects	partfx.cpp
802f6f78	802f6ffc	132	5	game	effects	partfxdef.cpp
802f6ffc	802f7d14	3352	22	game	effects	partfxmanager.cpp
802f7d14	802f8054	832	6	game	effects	worldeffectmanager.cpp
802f8054	80314e40	118252	672	game	effects	Lion_Unity.cpp
80314e40	80315610	2000	55	game	frontend	BossEndGameHandlers.cpp
80315610	80315b84	1396	13	game	frontend	ConversationHandlers.cpp
80315b84	80315ee4	864	8	game	frontend	CreditScreenHandlers.cpp
80315ee4	803162ac	968	11	game	frontend	EndTourneyHandlers.cpp
803162ac	80316cc4	2584	16	game	frontend	GlobalHandlers.cpp
80316cc4	803170a0	988	11	game	frontend	LoadingScreenHandlers.cpp
803170a0	80317644	1444	14	game	frontend	MainMenuHandlers.cpp
80317644	80319c34	9712	89	game	frontend	MinigameHandlers.cpp
80319c34	8031d5bc	14728	50	game	frontend	MultiPlayerHandlers.cpp
8031d5bc	8031da50	1172	11	game	frontend	PaperAirplaneHandlers.cpp
8031da50	8031e038	1512	13	game	frontend	PauseMenuHandlers.cpp
8031e038	8031f1fc	4548	27	game	frontend	PostGameHandlers.cpp
8031f1fc	803201dc	4064	26	game	frontend	PreGameHandlers.cpp
803201dc	80320ff4	3608	20	game	frontend	ProfileHandlers.cpp
80320ff4	80321620	1580	10	game	frontend	ReportCardHandlers.cpp
80321620	80322d0c	5868	30	game	frontend	StickerBookHandlers.cpp
80322d0c	803236cc	2496	17	game	frontend	StickerStoreHandlers.cpp
803236cc	8032423c	2928	30	game	frontend	WorldHudHandlers.cpp
8032423c	80327d58	15132	69	game	frontend	FEManager.cpp
80327d58	80329104	5036	29	game	frontend	selectablecharacter.cpp
80329104	803293bc	696	12	game	frontend	highres.cpp
803293bc	8032e3cc	20496	52	game	input	controller.cpp
8032e3cc	8032e718	844	19	game	input	pgconga.cpp
8032e718	8032efb0	2200	13	game	mg-microbug	microbug.cpp
8032efb0	80331094	8420	33	game	mg-microbug	microbughuntmanager.cpp
80331094	80331628	1428	15	game	mg-microbug	microbugmanager.cpp
80331628	8033314c	6948	31	game	mg-freethrow	dribblingmanager.cpp
8033314c	80334478	4908	16	game	mg-freethrow	freethrowball.cpp
80334478	8033481c	932	6	game	mg-freethrow	freethrowballcourt.cpp
8033481c	803348f8	220	7	game	mg-freethrow	freethrowcharactercollisionlistener.cpp
803348f8	80334b40	584	7	game	mg-freethrow	freethrowcollisionlistener.cpp
80334b40	80337310	10192	32	game	mg-freethrow	mgfreethrow.cpp
80337310	80337d80	2672	15	game	mg-freethrow	highfivemanager.cpp
80337d80	80338de8	4200	52	game	mg-dartshootout	aidartshootout.cpp
80338de8	80339274	1164	12	game	mg-dartshootout	dartshootoutcamera.cpp
80339274	8033a9d0	5980	17	game	mg-dartshootout	dsdart.cpp
8033a9d0	8033b920	3920	7	game	mg-dartshootout	dsdartcollisionlistener.cpp
8033b920	8033df04	9700	33	game	mg-dartshootout	dsdartgun.cpp
8033df04	8033e6e0	2012	11	game	mg-dartshootout	dsdartmanager.cpp
8033e6e0	8033f39c	3260	16	game	mg-dartshootout	dsencounter.cpp
8033f39c	803401d8	3644	15	game	mg-dartshootout	dsencountermanager.cpp
803401d8	803407e0	1544	11	game	mg-dartshootout	dsfullscreenfx.cpp
803407e0	80340b98	952	10	game	mg-dartshootout	dsfullscreenfxmanager.cpp
80340b98	80341524	2444	10	game	mg-dartshootout	dsobject.cpp
80341524	80341a18	1268	10	game	mg-dartshootout	dsobjectmanager.cpp
80341a18	80341ecc	1204	9	game	mg-dartshootout	dspropset.cpp
80341ecc	80341f6c	160	4	game	mg-dartshootout	dsshadowentity.cpp
80341f6c	80342180	532	8	game	mg-dartshootout	dsshieldeffect.cpp
80342180	80342864	1764	8	game	mg-dartshootout	dstarget.cpp
80342864	803454d4	11376	48	game	mg-dartshootout	dstargetcharacter.cpp
803454d4	80346174	3232	17	game	mg-dartshootout	dstargetmanager.cpp
80346174	80347838	5828	12	game	mg-dartshootout	dstargetpinup.cpp
80347838	80347da8	1392	27	game	mg-dartshootout	dsteam.cpp
80347da8	8034bf4c	16804	89	game	mg-dartshootout	mgdartshootout.cpp
8034bf4c	8034e200	8884	58	game	mg-dodgeball	aidodgeball.cpp
8034e200	8034fd90	7056	28	game	mg-dodgeball	dodgeball.cpp
8034fd90	80350598	2056	19	game	mg-dodgeball	dodgeballcamera.cpp
80350598	80355e84	22764	109	game	mg-dodgeball	dodgeballcharacter.cpp
80355e84	8035604c	456	8	game	mg-dodgeball	dodgeballcharactercollisionlistener.cpp
8035604c	80356514	1224	7	game	mg-dodgeball	dodgeballcollisionlistener.cpp
80356514	80357394	3712	23	game	mg-dodgeball	dodgeballcourt.cpp
80357394	80357434	160	2	game	mg-dodgeball	dodgeballpowermeter.cpp
80357434	8035c2f8	20164	93	game	mg-dodgeball	mgdodgeball.cpp
8035c2f8	8035e9d0	9944	87	game	mg-footie	aifootie.cpp
8035e9d0	80360450	6784	36	game	mg-footie	footieball.cpp
80360450	8036063c	492	5	game	mg-footie	footieballcollisionlistener.cpp
8036063c	803616b4	4216	22	game	mg-footie	footiecamera.cpp
803616b4	80365ec4	18448	96	game	mg-footie	footiecharacter.cpp
80365ec4	80366064	416	8	game	mg-footie	footiecharactercollisionlistener.cpp
80366064	8036804c	8168	33	game	mg-footie	footiefield.cpp
8036804c	803681d8	396	6	game	mg-footie	footienetlistener.cpp
803681d8	80368830	1624	10	game	mg-footie	footiepowermeter.cpp
80368830	8036e16c	22844	95	game	mg-footie	mgfootie.cpp
8036e16c	80372458	17132	54	game	mg-paperairplanes	mgpaperairplanes.cpp
80372458	80373068	3088	13	game	mg-paperairplanes	paobstacle.cpp
80373068	803738e0	2168	9	game	mg-paperairplanes	paobstaclemanager.cpp
803738e0	80378754	20084	49	game	mg-paperairplanes	paperairplane.cpp
80378754	80379170	2588	17	game	mg-paperairplanes	paperairplanecamera.cpp
80379170	8037aac0	6480	16	game	mg-paperairplanes	paperairplanecourse.cpp
8037aac0	8037bdac	4844	14	game	mg-paperairplanes	papowerupmanager.cpp
8037bdac	8037e02c	8832	63	game	mg-rccars	aircdriver.cpp
8037e02c	80383720	22260	67	game	mg-rccars	mgrccars.cpp
80383720	8038a544	28196	67	game	mg-rccars	rccar.cpp
8038a544	8038aacc	1416	7	game	mg-rccars	rccarcollisionlistener.cpp
8038aacc	8038afe0	1300	5	game	mg-rccars	rccarvehicleinfo.cpp
8038afe0	8038bd9c	3516	14	game	mg-rccars	rcchasecamera.cpp
8038bd9c	8038d510	6004	14	game	mg-rccars	rcinterestmanager.cpp
8038d510	8038d940	1072	6	game	mg-rccars	rcobstacle.cpp
8038d940	8038de60	1312	8	game	mg-rccars	rcobstaclemanager.cpp
8038de60	8038e3d8	1400	9	game	mg-rccars	rcpatch.cpp
8038e3d8	8038e9f4	1564	12	game	mg-rccars	rcpatchmanager.cpp
8038e9f4	803908a0	7852	31	game	mg-rccars	rcpowerupmanager.cpp
803908a0	80390df8	1368	7	game	mg-rccars	rcshadowmanager.cpp
80390df8	803913c0	1480	13	game	mg-rccars	rcspeedmanager.cpp
803913c0	80395290	16080	27	game	mg-rccars	rctrack.cpp
80395290	80396410	4480	25	game	mg-tetherball	aitetherball.cpp
80396410	8039d264	28244	79	game	mg-tetherball	mgtetherball.cpp
8039d264	8039eb78	6420	25	game	mg-tetherball	tetherball.cpp
8039eb78	8039f910	3480	37	game	mg-wallball	aiwallball.cpp
8039f910	803a2f58	13896	56	game	mg-wallball	mgwallball.cpp
803a2f58	803a4dd8	7808	30	game	mg-wallball	wallball.cpp
803a4dd8	803a540c	1588	16	game	mg-wallball	wallballcamera.cpp
803a540c	803a916c	15712	70	game	mg-wallball	wallballcharacter.cpp
803a916c	803a9758	1516	14	game	mg-wallball	wallballcourt.cpp
803a9758	803a97f8	160	2	game	mg-wallball	wallballpowermeter.cpp
803a97f8	803ab210	6680	25	game	mg-wallball	wallballpowerupmanager.cpp
803ab210	803abf34	3364	36	game	core-flow	minigame.cpp
803abf34	803ae608	9940	28	game	core-flow	GameState.cpp
803ae608	803ae924	796	8	game	core-flow	Locale.cpp
803ae924	803af014	1776	11	game	core-flow	Main.cpp
803af014	803af770	1884	20	game	core-flow	multiplayermode.cpp
803af770	803af7b0	64	3	game	core-flow	ProductCode.cpp
803af7b0	803b2138	10632	84	game	core-flow	profile.cpp
803b2138	803b226c	308	7	game	math	rmangle.cpp
803b226c	803b32c4	4184	20	game	math	rMath.cpp
803b32c4	803b345c	408	3	game	math	rmtagpoint.cpp
803b345c	803b3904	1192	8	game	core-flow	strapwarn.cpp
803b3904	803b52b0	6572	60	game	core-flow	trcUtil.cpp
803b52b0	803b548c	476	7	engine	physics-glue	physicscharacter.cpp
803b548c	803b5d24	2200	14	engine	physics-glue	physicscharacterlistener.cpp
803b5d24	803b6c38	3860	19	engine	physics-glue	physicsdynamiccharacter.cpp
803b6c38	803b9060	9256	52	engine	physics-glue	physicsmanager.cpp
803b9060	803b9510	1200	19	engine	physics-glue	physicsmemory.cpp
803b9510	803b97e8	728	9	engine	physics-glue	physicsphantom.cpp
803b97e8	803b9998	432	6	engine	physics-glue	physicsphantomlistener.cpp
803b9998	803ba190	2040	22	engine	physics-glue	physicsrigidbody.cpp
803ba190	803ba8f4	1892	11	engine	physics-glue	physicsrigidbodylistener.cpp
803ba8f4	803bacf8	1028	14	engine	physics-glue	physicsstaticcharacter.cpp
803bacf8	803badf0	248	4	engine	physics-glue	physicsuserdata.cpp
803badf0	803bc9c0	7120	44	engine	physics-glue	physicsvehicle.cpp
803bc9c0	803bd274	2228	16	engine	cameras	behindthebackcamera.cpp
803bd274	803bd5d0	860	14	engine	render-scene	cachedanimatedmodel.cpp
803bd5d0	803bda3c	1132	5	engine	render-scene	cachedmodel.cpp
803bda3c	803be74c	3344	21	engine	cameras	camera.cpp
803be74c	803beed0	1924	21	engine	cameras	cameramanager.cpp
803beed0	803bf48c	1468	18	engine	render-scene	engine.cpp
803bf48c	803bf4e8	92	3	engine	render-scene	entity.cpp
803bf4e8	803bfb2c	1604	11	engine	render-scene	fadetocoloureffect.cpp
803bfb2c	803bfcdc	432	10	engine	cameras	fixedcamera.cpp
803bfcdc	803c0054	888	11	engine	cameras	framecamera.cpp
803c0054	803c1028	4052	18	engine	cameras	freecamera.cpp
803c1028	803c1e54	3628	8	engine	render-scene	frustumtest.cpp
803c1e54	803c2348	1268	14	engine	render-scene	fullscreeneffectsmanager.cpp
803c2348	803c2f34	3052	11	engine	cameras	hingecamera.cpp
803c2f34	803c3514	1504	4	engine	render-scene	lightmanager.cpp
803c3514	803c3d48	2100	13	engine	cameras	orbitcamera.cpp
803c3d48	803c437c	1588	11	game	mg-paperairplanes	pancamera.cpp
803c437c	803c4f6c	3056	19	engine	render-scene	scene.cpp
803c4f6c	803c6420	5300	13	engine	render-scene	shadowmanager.cpp
803c6420	803c6bc4	1956	9	engine	render-scene	skydome.cpp
803c6bc4	803c7054	1168	13	engine	cameras	slerppancamera.cpp
803c7054	803c72a4	592	6	engine	render-scene	tarmanager.cpp
803c72a4	803c7510	620	11	engine	cameras	topdowncamera.cpp
803c7510	803c7a7c	1388	8	engine	render-scene	worldlightmanager.cpp
803c7a7c	803c7da8	812	4	engine	animation-glue	animationmanager.cpp
803c7da8	803c8dc0	4120	25	engine	animation-glue	animationstate.cpp
803c8dc0	803c9adc	3356	13	engine	animation-glue	animationstategraph.cpp
803c9adc	803c9f14	1080	6	engine	animation-glue	marker.cpp
803c9f14	803ccc08	11508	64	engine	engine-support	assetmanager.cpp
803ccc08	803cdc28	4128	36	engine	engine-support	CString.cpp
803cdc28	803ce3e4	1980	26	engine	engine-support	debugmenu.cpp
803ce3e4	803ce998	1460	19	engine	engine-support	debugmenuwidgets.cpp
803ce998	803ce9c8	48	2	engine	engine-support	DipSwitch.cpp
803ce9c8	803cf4d8	2832	14	engine	engine-support	inifilemanager.cpp
803cf4d8	803cf6a0	456	9	engine	engine-support	lionallocator.cpp
803cf6a0	803cfaa4	1028	16	engine	engine-support	MemMgr.cpp
803cfaa4	803d0148	1700	14	engine	engine-support	movie.cpp
803d0148	803d47d0	18056	83	engine	engine-support	pgdebugmenu.cpp
803d47d0	803d4d38	1384	14	engine	engine-support	pgFile.cpp
803d4d38	803d5188	1104	15	engine	engine-support	pgmovieplayer.cpp
803d5188	803d56c8	1344	13	engine	render-scene	rendertexture.cpp
803d56c8	803d5980	696	7	engine	engine-support	slotpool.cpp
803d5980	803d5a34	180	3	engine	engine-support	Utils.cpp
803d5a34	803d5d8c	856	11	engine	world	accessibilitymanager.cpp
803d5d8c	803d74f0	5988	32	engine	world	areadrawmanager.cpp
803d74f0	803d8004	2836	15	engine	world	areamanager.cpp
803d8004	803da0f4	8432	27	engine	world	placeables.cpp
803da0f4	803db824	5936	22	engine	world	playgroundGate.cpp
803db824	803e0398	19316	73	engine	world	playgroundWorld.cpp
803e0398	803e0a24	1676	9	engine	world	spawnmanager.cpp
803e0a24	803e1564	2880	10	engine	world	spawnregion.cpp
803e1564	803e16b0	332	6	engine	world	World.cpp
803e16b0	803e28ac	4604	18	engine	world	WorldManager.cpp
803e28ac	803e2990	228	5	engine	renderer-eagl	codegen.cpp
803e2990	803e37a8	3608	19	engine	renderer-eagl	model.cpp
803e37a8	803e3ad4	812	6	engine	renderer-eagl	device.cpp
803e3ad4	803e3d74	672	11	engine	renderer-eagl	device_cmn.cpp
803e3d74	803e6394	9760	47	engine	renderer-eagl	rendercontext.cpp
803e6394	803e653c	424	6	engine	renderer-eagl	rendercontext_cmn.cpp
803e653c	803e6a74	1336	6	engine	renderer-eagl	rendermethod.cpp
803e6a74	803e7f40	5324	32	engine	renderer-eagl	state.cpp
803e7f40	803e98c4	6532	21	engine	renderer-eagl	tar.cpp
803e98c4	803e9ef8	1588	15	engine	renderer-eagl	tevstage.cpp
803e9ef8	803eb344	5196	18	engine	renderer-eagl	texturerc.cpp
803eb344	803ec97c	5688	15	engine	renderer-eagl	viewport.cpp
803ec97c	803ecc40	708	10	engine	renderer-eagl	viewport_cmn.cpp
803ecc40	803eddec	4524	9	engine	renderer-eagl	profiler_cmn.cpp
803eddec	803ee728	2364	7	engine	renderer-eagl	fonteagl.cpp
803ee728	803f1728	12288	46	middleware	ea-core-libs	base.cpp
803f1728	803f3364	7228	28	middleware	ea-core-libs	dlopen.cpp
803f3364	803f7c6c	18696	53	middleware	ea-animation	System.cpp
803f7c6c	803f8174	1288	10	middleware	ea-animation	ScratchBuffer.cpp
803f8174	8040fa4c	96472	231	middleware	ea-fonts-shapes-mem	fontdraw.cpp
8040fa4c	80410788	3388	12	middleware	ea-fonts-shapes-mem	fontnull.cpp
80410788	80410c9c	1300	7	middleware	ea-fonts-shapes-mem	creates.cpp
80410c9c	80411778	2780	27	middleware	ea-fonts-shapes-mem	memalloc.cpp
80411778	80411fb0	2104	15	middleware	ea-fonts-shapes-mem	memprint.cpp
80411fb0	804123a4	1012	6	middleware	ea-fonts-shapes-mem	memvalid.cpp
804123a4	804137cc	5160	51	engine	pad-drivers	gcpad.cpp
804137cc	80413da8	1500	26	game	mg-paperairplanes	pad.cpp
80413da8	80414678	2256	20	engine	pad-drivers	wiipad.cpp
80414678	80414d2c	1716	14	engine	pad-drivers	wiipadeffect.cpp
80414d2c	80414e2c	256	3	middleware	ea-core-libs	filesysopts.cpp
80414e2c	80415368	1340	9	middleware	ea-core-libs	hlafile.cpp
80415368	80415da0	2616	18	middleware	ea-core-libs	hlsfile.cpp
80415da0	8041625c	1212	7	middleware	ea-core-libs	locatbig.cpp
8041625c	80417024	3528	20	middleware	ea-core-libs	stream.cpp
80417024	804181b4	4496	20	middleware	ea-core-libs	syncfile.cpp
804181b4	80418c04	2640	14	middleware	ea-core-libs	filedev.cpp
80418c04	8041a74c	6984	33	middleware	ea-core-libs	filesys.cpp
8041a74c	8041b954	4616	43	middleware	ea-core-libs	inittmr.cpp
8041b954	8041b9c4	112	2	middleware	ea-core-libs	printn3.cpp
8041b9c4	8041bb00	316	6	middleware	ea-core-libs	threads.cpp
8041bb00	8041bcd8	472	6	middleware	text-input	timerthread.cpp
8041bcd8	8041bd98	192	2	middleware	ea-core-libs	locale.cpp
8041bd98	8041cec4	4396	25	middleware	ea-core-libs	vector3.cpp
