# table(class)	collections(rows)	field names resolvable from strings (schema only; no values)
points_of_interest_groups	39	area,required,pois,force_finish,allow_wait,min_characters
points_of_interest	267	chain_previous,duration_max,position_type,script_onactivate,critical,uninterruptible_use_min,position,interest_chance,target_character,action_animation,script_onactionend,script_ondeactivate,wait_min,active,wait_max,filter_spawn_table,duration_min,default_behaviour,filter_gender,recharge_min,chain_continue_chance,action_animation_chance,name,duration_infinite,boredom_min,boredom_max,chain_type,type,recharge_initial_max,recharge_max,script_onactionstart,position_num_tag_points,uninterruptible_wait_max,uninterruptible_wait_min,uninterruptible_use_max,expiry,interest_proximity,speed,area,recharge_initial_min,filter_character
abilities	8	Structs::PG_Ability,ability
spawn_regions	63	active_state,area,vertices,default_pois
microgame_highfives	1	marbles_won
mg_rccars	47	sprint_laptime_level2,sprint_laptime_level3,sprint_laptime_level4,sprint_laptime_level1,pre_go_boost_window,zap_upgrade,nitro_upgrade,top_speed_upgrade,boost_ability,post_go_boost_window,score_bump_points,score_pickup_points,score_attack_points,score_first_place_points,num_laps,powerups_on,difficulty,location,camera_half_posvertdist,camera_half_lookahead,camera_full_posvertdist,camera_full_poshorizdist,camera_half_poshorizdist,camera_full_targetvertdist,camera_quarter_posvertdist,camera_quarter_laneskew,camera_quarter_targetvertdist,camera_half_targetvertdist,camera_pos_heightweight,camera_full_laneskew,camera_target_heightweight,camera_full_lookahead,camera_quarter_lookahead,camera_quarter_poshorizdist,Markers,camera_half_laneskew,use_shield,collision_course,quick_boost,speed_up,use_powerups,push_back,change_lane,slow_down,bypass
microgame_freethrow	1	marbles_won
minigames	35	minigame_difficulty,marbles_won_game,Sticker1,minigame_level,minigame_id,ai_bosscharacterindex,Sticker3,Sticker2,minigame_dare_2,minigame_dare_1,marbles_won_dares,minigame_dare_3,ai_opponents,ai_teammates
animation_states	1	
mg_wallball	7	ai_mega_hit_percentage,rallys_per_speed_level,ai_lob_hit_percentage,ai_hit_percentage,ball_speed_levels,character_speed_levels,ai_super_serve_percentage,ai_dive_hit_percentage,ai_power_hit_percentage,score_warp,score_superball,score_ingame_point,score_megahit,solo_easy_rally_count,normal_play_num_rounds,increased_powerup_min_spawn_time,powerdown_med_num_rounds,warp_challenge_num_rounds,solo_easy_rallys_per_speed_level_override,solo_med_rallys_per_speed_level_override,solo_hard_rallys_per_speed_level_override,powerdown_easy_num_rounds,normal_powerup_max_wallhits,warpspeed_challenge_num_rounds,speed_challenge_num_rounds,normal_powerup_min_wallhits,normal_powerup_min_spawn_time,solo_hard_rally_count,increased_powerup_min_wallhits,increased_powerup_max_wallhits,normal_powerup_max_spawn_time,increased_powerup_max_spawn_time,solo_med_rally_count,points_to_win,powerups_on,difficulty,location,megahit_on
mg_footie	7	shutout_easy_goals_to_win,normal_goals_to_win,shutout_med_goals_to_win,keeper_challenge_hard_saves,shutout_hard_goals_to_win,keeper_challenge_easy_saves,normal_max_vollys,keeper_challenge_med_saves,ai_block_attempt_percentage,ai_block_shot_attempt_percentage,ai_second_hit_juggle_percentage,ai_good_shot_percentage,ai_enable_block_shot,ai_save_strong_shot_percentage,ai_second_hit_shot_percentage,ai_save_too_early_percentage,ai_bad_juggle_percentage,ai_enable_mega_shot2,ai_enable_mega_shot1,ai_save_normal_shot_percentage,ai_first_hit_juggle_percentage,ai_slow_shot_percentage,ai_serve_min_wait_time,ai_bad_shot_percentage,ai_first_hit_shot_percentage,ai_save_mega_shot_percentage,ai_third_hit_shot_percentage,ai_save_wrong_direction_percentage,ai_third_hit_jump_juggle_percentage,ai_perfect_shot_percentage,ai_perfect_juggle_percentage,ai_first_hit_jump_juggle_percentage,ai_save_block_shot_percentage,ai_third_hit_juggle_percentage,ai_fast_shot_percentage,ai_second_hit_jump_juggle_percentage,ai_save_fall_for_jump_juggle_percentage,ai_good_juggle_percentage,ai_save_weak_shot_percentage,ai_normal_shot_percentage,ai_serve_max_wait_time,score_block,score_save,score_regular_goal,score_block_shot,score_winner_team_multiplier,score_mega_goal,headergoal_on,difficulty,num_passes,location,goals_to_win
22808541710a6d7a	11	pos
area	4	area_type,area_name
bestiary	101	conversation,speed_run,minigame,personal_space,name,partfx_loc,ai_head_tracking,asset_name,variation,celebration_anim,start_direction,partfx_bone,ai_static_anim_linked_placeable,scale,ai_static_anim,ai_wander_run_percentage,rccars_icon,ai_static,speed_skip,gender,has_stickerking_idle,ai_head_tracking_percentage,ai_wander_skip_percentage,personality,speed_walk,height,partfx,highfiveable,speed_sneak,ai_wander_walk_percentage,area_conversations
gates	6	landmark_pan_final_pause,landmark_pan_milliseconds,landmark_camera_initial_target,landmark_camera_final_position,landmark_camera_initial_position,unlockable,fade_color,landmark_camera_final_target,stickers_required,nis_camera_target,gate_right,nis_camera_position,gate_left,nis_particle_effect_location
main_menu_nis	6	camera_main_menu_target,camera_main_menu_position
8dc7ad63193d47f2	50	conversation,minigame_level,minigame_id
mg_dartshootout	160	big_dart_score_multiplier,EnterStartOffset,EnterEndOffset,TargetType,ActiveSpeed,Health,LeaveSpeed,ActiveEndOffset,Lifetime,LeaveEndOffset,CharacterEnterExitType,LifetimeVariance,TargetID,EnterSpeed,ActiveLoop,dare_points,dare_health,dare_time,rules_dart_type,difficulty,rules_shield_type,location,mega_shot_on,Structs::MGDS_ScoreRecord,points_shielded_dart,bullet_time_hit_score,points_megashot,target_scores,Structs::MGDS_TargetDef,Structs::MGDS_SpawnPoint,CameraTransitionDuration,TimeLimit,EncounterTimeout,EncounterPostFullAutoBonusChance,EncounterWeapons,EncounterCameraTarget,EncounterCameraPos,EncounterPostShowCleared,EncounterPostHealthBonusChance,TargetDefs,SpawnPoints
high_scores	1	Structs::PG_HighScore,score
microgame_dribbling	5	beat_speed,dribbles_required,marbles_won,ball_position,time_limit
placeables	25	has_animtriggeredaudio,has_collisions,audio_range,active_areas_enabled,is_fadeable,default_visible,asset_name,position,orientation,physics_name,active_areas
area_transition	12	stickerkid_exit_position,trigger_position,stickerkid_enter_position,area_start,warpto_direction,trigger_radius,area_end,warpto_position,gate,stickerkid_conversation_position
mg_dodgeball	7	difficulty,versus_setup,location,num_rounds,num_dodgeballs,game_play_type,num_characters_ai_team,ai_bobble_catch_percentage,ai_boost_attempt_percentage,ai_react_to_fake_percentage,ai_normal_catch_percentage,user_eliminated_on_catch,ai_mega_catch_percentage,game_play_win_value,dodgeball_max_inactive_time,ai_power_upgrade_throw_percentage,ai_normal_dodge_percentage,ai_power_dodge_percentage,user_can_catch,ai_power_upgrade_catch_percentage,number_balls,ai_power_catch_percentage,ai_bobble_catch_drop_percentage,ai_good_boost_percentage,ai_fake_detection_radius,ai_mega_block_percentage,ai_power_throw_percentage,ai_mega_throw_percentage,ai_fake_throw_percentage,ai_power_block_percentage,ai_throw_max_wait,balls_on_ai_side_always,ai_power_upgrade_dodge_percentage,ai_throw_min_wait,instant_opponent_revive,ai_target_percentage,ai_movement_multiplier,ai_power_upgrade_block_percentage,num_characters_player_team,ai_normal_block_percentage,ai_mega_dodge_percentage,revive_on_catch,hit_points,dodge_points,powerhit_points,block_points,catch_points
mg_tetherball	6	accuracy_points,powerhit_points,megahit_points,ball_acceleratemodifier,ball_basehitspeed,hit_accelanglepredelta,ball_megamodifier,game_duration,ai_megamessupfactor,ball_powermodifier,hit_returnanglepostdelta,hit_returnanglepredelta,ai_toofastchance,ai_powermessupfactor,ai_powerhitchance,ai_tooslowchance,ai_megahitchance,game_play_type,hit_accelanglepostdelta,handicap,single_player_rotations_to_win,ai_wrongheightchance,single_player_num_rounds,distance_from_pole,difficulty,rotations_to_win,location,num_rounds,megahit_on
mg_paperairplanes	14	rules_speed_type,difficulty,tornado_on,course_number,plane_type,mode,start_time,treshold_increment,respawn_points,bonus_treshold,red_points,max_duration,green_points,length,blue_points,Structs::MGPA_Powerup,Structs::MGPA_Obstacle,rings_red,rings_blue,checkpoints,obstacles,rings_green,dare_blue_rings,dare_red_rings_reverse,dare_green_rings,powerups,dare_points,dare_points_reverse,dare_blue_rings_reverse,start_time_reverse,dare_red_rings,dare_green_rings_reverse,rings
character_select	3	unlockLinks,characterlist,positions
microgame_bughunt	3	bug_size,marbles_won,bugs_for_win,icon_position,game_time_limit,max_flight_time,wander_radius,bug_positions
effects	8	pos,name
character_info	2	start_direction,start_location
nis	3	cam_start_pos,cam_pause_end,player_start_pos,cam_pause_start,player_start_dir,cam_end_pos,cam_end_target,cam_start_target,cam_pan_milliseconds,sticker_kid_end_pos,player_end_pos
marbles	4	value,positions
accessibility_screens	1	Structs::PG_AccessibilityPopup,popups
